"V1","V2","V3","V4","V5","V6"
1,-1.33308255549309,1.17889103749918,0.483649488940762,-0.869511562785712,0.448934299118256
1,0.0759715998959782,-1.80340168307041,-0.611220165485802,0.802971506123539,-0.163088015089474
1,0.737549124816811,-0.581839951191624,1.06375809027445,-0.948735105330066,-0.238724489862697
1,1.95096900731755,0.551993985570317,0.565068590202339,0.716554450763094,0.920534510166922
1,0.314844865313186,-0.114242124915805,-0.152633357559558,-1.66451485304906,-0.502328523239915
1,-1.73159045731586,-1.50469010040062,-1.08716666422602,-0.66366217878606,-0.55873166970113
1,0.209678588202457,0.889616753749334,0.849908844563298,-0.348041299313761,-0.0837635552057358
1,0.27701277268933,0.718519027696277,-1.36404898073373,-0.357071694463243,-1.49298626322219
1,-1.26258113427505,0.537740455281364,0.0528887001149118,0.518809627469563,-0.128318191206216
1,0.416595692390821,-0.73905938384256,-0.729420761676139,0.776562386244044,0.899527389568543
1,-1.47722415465766,1.35592776966792,0.826759902298693,0.26657409169019,1.39305535597394
1,-0.047639688371849,1.20810113736578,-0.76178547599419,-0.975943437047312,-0.35951695548586
1,-1.06334527442045,0.637341903416113,0.517627931277899,9.22261822756999e-05,1.75585817952854
1,-1.86626298270312,1.24547630731746,1.27007939282913,0.451613381340569,0.0736403581129468
1,-0.706827239708272,-0.178922321366515,0.509605622542444,0.614481610214023,0.132115209649975
1,0.0642402369681946,-1.02963119575774,-0.305674386961545,-1.24776685774212,-0.927309729586582
1,0.473344797732178,0.510304906242166,1.46308988105202,1.49337846293985,1.00034257806577
1,0.625286338071544,-0.50542376184332,-1.51361487209933,-0.608718217490541,-1.9013149773604
1,-0.964163923021707,-2.35287969835729,0.206196559398247,-0.240331215099072,-0.467203679196702
1,1.2868541972212,-2.03266168274078,-1.5119490109261,1.18868810414159,-0.568570856365932
1,-1.15576076993282,0.581134495501279,0.545198571682335,0.51775759138237,-0.669325494486936
1,1.05333095665831,1.44750868760225,1.67918181437087,1.39903772084803,1.13549868830697
1,0.578371042660319,-0.804545203596725,-0.772510318589337,-0.363594122959513,0.546568495039503
1,0.528941826234966,-0.602707399690421,0.712280911583508,-0.324912679061243,-0.551170153863917
1,0.486621596841415,-1.5059467423775,1.10773380456365,-0.0448703219904277,-0.868239116106746
1,-0.479799187506681,0.39600475075708,0.187883107650271,-0.173937291153773,0.069459796033263
1,-1.18827541223017,0.233807408071311,1.24962209466989,-0.677522014187107,0.558264317717225
1,1.4522261019437,2.51029839453662,0.0982289700857283,0.158585550637572,1.14525096886275
1,0.953200383013471,-0.957936489125648,-1.09201856061123,-0.0509802362623882,1.63232611957821
1,0.980086218938385,1.26744954191665,-0.682178073655303,-0.919280304087756,0.865434826458645
1,1.99560634382936,-0.156934774550512,-1.08866511124061,-0.463826653165084,0.427105299149243
1,0.384814043902603,1.8387080213298,0.823007004414313,1.08530676372661,0.453461898441197
1,-1.46517474583509,1.02344150907075,0.466690122723374,-0.541376582211733,-1.39761569018785
1,-1.30064746353236,-0.683408121974923,1.61342601363714,-0.82735847025398,-0.480799487601867
1,-1.97522599820565,0.0155999001457023,-1.72157032021605,-1.8509873672158,-0.277861766061247
1,0.522366861240175,-0.677353619112021,-1.0601984594808,0.785999764184115,0.556251462430055
1,0.825527727416165,1.90493633827741,1.33247745203518,2.23803863880262,1.27618488205316
1,0.515937649160978,-0.115882292286809,-1.0202667989322,0.377199404209053,2.73859701603011
1,0.225946025053873,0.398089257886498,0.20499642193155,-0.108477525510154,-0.235882759592773
1,1.3036930972342,0.709104190777748,0.580530874371832,-1.07447052043478,-0.460880268813972
1,1.59343839042634,1.48364163140156,1.14946895975549,1.62248750903199,-0.072353688666311
1,-2.67644301782117,-1.58081014718561,-0.23545337890534,-1.1544571342414,-0.860941346924692
1,0.304261568735093,0.387019153120674,0.972074185902426,-0.402438043154996,0.615119543460523
1,2.19904118772773,1.10039195811967,-0.0548085729384752,-0.853288847773805,-1.44924743473353
1,0.776736467083742,-0.475200818845015,-1.51370040460653,-0.981529035649119,-1.39888705885593
1,0.214948781538819,0.678022519322051,-0.654717694803542,0.823840721764579,-0.554662423527784
1,0.927252777058136,0.0526262219404618,-1.08571578315762,-1.06486908452041,1.22150892885622
1,-0.474905483939498,-0.250045084517221,0.699256696525051,-0.919058010985913,-0.924157959656298
1,1.20452219136426,-0.205611408954985,1.27302286258306,-0.0558848590270415,-0.366365583665975
1,0.387613542061756,0.722850473076996,0.684483351840643,-0.968755658552612,1.18220458855223
1,0.440392795241199,0.19387636807133,-0.286675244745081,-1.30818382493764,-0.329490867609207
1,1.06882436245897,1.48957671863941,-0.762948669685349,-0.374890420231104,0.434287428146705
1,-0.855780959510949,-0.954158079914533,0.0514520829294822,-1.7386095288194,-0.771050284576365
1,-0.102639531235714,-1.03131871422326,-1.47413412112481,-0.259844317150321,-0.766967766002311
1,-0.296027035032177,0.454059079110865,-1.23164677306782,0.484645100208173,-0.501842673324135
1,-0.642044021175784,-0.620273383994056,-0.36541057299407,-1.13036634697536,1.88811049355231
1,0.0210628616506255,0.405947886793285,-1.78411130796597,-1.61855009487862,0.0574273801774323
1,1.09942614420189,0.233591247350633,0.671161247162968,-0.586097511173524,0.794856656621107
1,-0.348779763932188,0.944883532001562,-1.07462327891145,-1.41130254424636,0.179385597349445
1,-0.542308440303623,-1.52763850333415,-0.897329747685592,-0.651609426779008,1.25309237805177
1,-0.058900196563665,-0.688334747426486,0.789725159287543,1.0275281978236,1.83917138386621
1,-0.371247854148832,-1.39064526670598,-0.46623537841081,0.0785661643666653,1.04128581177762
1,0.880223467933502,0.127383881819003,-0.139943153432308,-0.572074424822842,0.818018276598036
1,-0.566055093596089,-0.711284495715725,1.47881836252715,-0.366177337617529,0.284438939137478
1,-0.769382109692078,-0.348714551890791,-0.365408688419044,1.4349330490068,0.379246492708447
1,-0.332662813438722,-0.14662175948887,0.28310546813631,0.029228108438867,-1.26136901822438
1,0.397432976623862,0.0932638663645356,0.117098517928255,0.0248113749172232,1.15833962345554
1,0.743932865725197,0.614350140491329,0.612934238533841,1.00639705980336,-0.430893210751992
1,-1.34799389273644,0.75675419927981,0.17766450639473,-0.826518556620334,-1.46087485948843
1,-0.70750414981102,-1.19797184565037,-0.694594797269266,0.212426996576427,-0.0224094238874162
1,0.744938076449045,-0.863084275809269,-0.900450989644095,0.616151485526898,0.607175178144699
1,-0.264495964284656,-0.237621221536851,0.284983659532938,-0.716920255322057,0.0939652879568168
1,-0.618842435839508,-0.634820570760855,0.0409549373274857,-1.30938344137709,0.763963318266769
1,0.75466192047849,-1.3527914622978,-1.29504608439658,0.937596651900886,0.136719969630358
1,-0.75924362210352,0.837999106740918,-0.361713567986929,-0.341930742656059,0.961849246490526
1,-0.692658172107289,-0.340726994079536,0.387419956790167,0.384200264100763,1.09827204946418
1,0.290186379126036,0.800552907771031,0.0231184245648693,0.0590642305458418,0.724500358034085
1,-0.108645884480495,1.41625070171631,1.96361808700188,0.865602832255772,-0.848641231483138
1,0.648599359323663,-0.573221172240236,0.934165636039376,1.29725143264797,0.237032697716411
1,-1.02321863676287,0.446431827802361,0.261450142754353,2.06997204851701,-0.15197047496894
1,-1.01666707543135,-0.197931596248648,1.29593635785888,-0.721720048449444,1.09981656751776
1,-0.468714527559034,0.00418222191366655,0.49876697025301,0.199555549619123,-0.718614298251711
1,-0.836184247222286,0.141072990773656,0.88813377338433,-0.190800438073237,-0.142542545672457
1,0.88808908109206,-0.0823446851284556,0.00716215029199936,-1.83256531671472,0.359142026918903
1,-0.289086229188548,-0.213721112694595,-0.707963973419666,-0.196284138800509,0.26087593177214
1,0.594546068830154,-0.374406114725127,1.43404589119571,0.299284460681561,-2.94081604639317
1,-1.33095981413004,0.0858959375825755,-0.168347639764645,-1.67728144921811,0.378900113130627
1,-0.134176072694078,-0.345094035042127,-0.430401140525026,0.18612805892321,-0.497743045717543
1,-1.43906359575764,0.30316362937154,0.95396760384525,-0.535376086339391,0.49006303449246
1,0.1487984038117,1.4638670089009,1.62382163297926,-1.49628681831366,-0.722490430215021
1,0.884368203359921,0.518259928848628,0.148832711138479,-1.39100588672657,-0.187326705726635
1,0.925005958529352,0.459619055942901,-0.429166096948498,1.54757594153845,0.458208012031012
1,-1.22752781312754,0.605907322654373,0.147570956856636,-1.17061848121552,0.0775657695981582
1,0.663374136502035,0.689939687359375,0.490189229177649,1.40295423002813,-0.634669814009806
1,-1.29455196780713,-2.20911090901364,-0.0315009111288266,0.115764309635044,1.35054463118322
1,1.12645381076964,0.966496822852027,-0.996374564444157,-0.529246955664802,0.25583275077826
1,-0.776036895971984,1.3128565767744,-0.454163422503793,-1.61467200441221,0.170580116573821
1,-0.750522491569546,-0.232789757817936,0.402163121978661,-1.34521538858947,-0.811246359392951
1,1.26561677925484,0.588785539798697,-0.774678747742152,0.0426405027249998,0.750469087168213
1,-0.382750861597324,1.47912404277505,0.447556070386929,0.0970655786077415,-0.781754902418431
1,-2.78945907701831,-1.64211354630792,-0.414125892292753,-0.0821088268014395,-0.665627043536248
1,-0.175023578582493,-0.873301418575249,0.72677809307257,0.899130225687351,1.84565137778169
1,-0.950691546728595,-0.576434765951975,-0.324640934975965,-1.68071979157191,1.35087679318874
1,-0.133615403335941,0.520010570586176,-1.46403464972281,1.04630032036865,0.307285121209513
1,0.58189824051812,-0.00157689982061291,-0.838587980742805,-0.941471804999704,1.70975281370723
1,-0.440282885998564,0.742795981884348,-0.715646133892961,-0.00453214874629492,-1.19824404457121
1,-1.8128030563657,-1.40388764394727,1.03181850195285,1.2449420616114,-0.701981285559121
1,-0.771544634002982,-1.75731376862683,-3.03574248916799,0.907761217055311,-1.06859604693595
1,0.35605740304472,0.436758138033141,0.998876944005649,1.20258082803148,-0.869285386732018
1,1.05728274783212,0.247105060850079,0.499452151805433,0.348164438122055,-1.05810193176274
1,1.19558332774517,-0.98504579528928,0.624917807800221,-0.0960808651285116,-1.15237177677417
1,-2.05788472222348,-0.831962528714304,-0.839947846722572,-1.28000225492,0.488673971479116
1,0.0493683474739538,0.779734093586382,-1.12889730592121,0.0335518681407242,-0.212883086470418
1,0.266407351328888,0.528127200036331,-0.819163678442434,1.16184796618437,-0.259629392753092
1,0.464376000802434,0.810365395095828,-0.429665591394411,-1.09989924922555,0.156580121343111
1,0.719815722866873,0.24219111802963,0.235999788759428,0.427407455753231,-2.35116109528156
1,-0.327185923961972,1.49681085588511,-0.257740499883003,0.529675243683457,-0.348367270993784
1,-0.47202573968443,-0.224467544002418,0.246219156973541,0.0310875401911494,0.356455522887695
1,0.451530598030791,0.0804663493445463,-2.10364228687269,-0.915698692073016,-0.161953421193247
1,-0.240776846027567,0.69982621062086,0.722723355522127,-0.69752079538643,0.324711901190829
1,-0.222318845845211,0.878643168482014,0.343426636192823,0.0961802785708679,-1.39908590955679
1,0.776394442430512,0.758078440804305,1.00848777367318,-0.595361342861876,0.448232813636067
1,-0.680448246286714,-0.425829649511298,0.227601407336459,0.972983105874108,1.50575944622872
1,-0.275563818281058,0.786689328668628,1.81460291393161,-1.18115504187111,-0.340409889926498
1,0.0237149740667161,-1.96529037412221,-0.228789725387926,-0.501333013593042,-0.394477142111973
1,0.155036841254927,1.98593457067409,-1.108853232957,-1.64359299124841,1.17569959790286
1,-1.1890052424417,0.0870791480781485,1.78258003430456,-0.535776066788817,0.785002056346737
1,-0.581431681585462,0.527273698918193,-1.52882659975575,-1.20538284726179,1.0949767502166
1,0.256709837579337,1.32056765540958,0.92492067126243,-0.3453820388298,-0.316296834695134
1,1.01173582724884,-1.58003947728571,-1.21711824870018,-0.653182576193652,1.55680498756056
1,0.390584844879992,-0.605255842656506,-1.39518070920223,-0.931127688732424,0.690822503618173
1,0.220471671676902,-0.71553361904595,0.400263733776149,0.148756281147632,-0.914734388989822
1,1.37908684022336,0.645221860070015,-0.449387283749963,-0.760913797748456,-0.319063941318791
1,-0.799830909534119,2.09978120436584,-0.171927901384848,-0.775906923663503,1.29264421939105
1,0.435037692600763,-1.12222776010422,1.11855065300953,0.566150524734844,2.08764120830981
1,-1.38078113080126,0.264372746172766,-0.299406001180441,-1.7131436138824,-1.41975994129853
1,-0.0319991717010697,1.06527945982012,0.688345712008083,-1.87698880701801,0.840639220026268
1,0.454961719006799,-0.738081763172248,-0.0131895139824468,0.799185206423655,-1.31155758533875
1,-1.16867201351313,0.293616092040636,-0.483954516618757,1.87870490309491,0.324118854686703
1,-1.48789207825236,0.583826837840268,1.55795335876813,1.31265435710597,-0.217281328224403
1,0.805198509319835,-1.08765493705394,1.07282432307107,0.277685750858322,0.663235817033064
1,-0.882015410933611,0.8956250345345,1.01625039596442,2.25796047294444,0.43537803059542
1,-0.759268786666163,1.52192318033883,-1.67082061693106,-0.723396031473041,-0.255270685556859
1,-1.43570094249422,2.32629620681706,-0.617617102927961,0.546770884920372,-0.844797349716584
1,-0.738839399596305,0.92338335833429,-0.601184650367133,2.08299865922258,0.0478762331229764
1,-1.88159467013863,0.173705570637783,-0.310912618407194,0.417012819722905,2.44852655712513
1,0.16556947570608,-0.0625388358321079,1.20291698009731,-0.389314058398486,0.00804469752390461
1,-0.585681198571782,-1.70373459975043,1.2345551586673,0.838868512677432,-1.29516495640021
1,1.31010127954499,-0.727575959379504,0.501462980796264,-0.611207160533152,0.299822709510881
1,1.25132891451857,-1.1092831190378,0.0490756152753339,-1.06726464573777,-1.11477182870573
1,-1.71387556851154,0.319764058954888,1.34824288543253,-0.00639153578469613,0.522875393033328
1,1.5746898591281,2.17602276568613,1.41380539061216,0.32812610587684,1.23181162579745
1,0.599970182864277,0.769000152052486,-1.20939589525303,-0.777350247280663,-0.329862780016955
1,0.380284752220743,-0.751515454654297,-0.254106295151127,-0.329434420794933,-0.495216671114317
1,1.21873635779107,-0.0845256958606724,-0.174113253855686,0.086851439410521,-0.934594939663331
1,-0.748622737134612,0.352821921851175,-0.504852428855507,-0.831425580081405,0.397335713288999
1,-0.715078560663342,-1.36704065018161,-1.96387689258203,-0.463976405541175,0.507918318530261
1,1.11326487617503,-0.363720982958534,0.476057600823016,0.82758585819764,-0.0525928940917998
1,0.814714230730648,-2.97767279987641,-0.736550738668363,0.408692934557334,0.235725977094793
1,-1.36084801535115,2.32770890224341,0.775832890289159,-0.13255883610085,-1.0734000069325
1,0.713563654513201,-1.28316832817214,-0.663716322476738,-0.330868699094399,0.6828223825821
1,0.66832692080019,-0.244925394413451,-0.825869862508748,-1.12014885342047,-0.901314207731246
1,-0.468374014860865,1.68200494533946,0.253035127388777,2.13304734358555,2.00965155907687
1,1.65789567640791,-0.189208550902227,-0.144951600605862,0.740684887804505,0.424494304137735
1,-0.551156654629769,-0.0998653128529061,-0.407679518091286,-1.16347844278996,0.937232262221459
1,0.0972225341480468,0.918999939766473,-2.32949115283076,1.66839529373874,-0.91177217691882
1,-1.96181306640068,-0.437579447914037,-1.18982559786027,0.825855613210119,-0.272873204439751
1,-0.0466434753050148,-0.016053524004996,-0.0255442198574303,0.831234229329909,-0.753531880142667
1,1.40247780385939,-1.33880749866028,-1.25455216802578,0.798988967729415,-0.421644026133774
1,-0.536595765901344,-0.778066643219085,0.572943397373417,0.602365468812586,-1.52353499949926
1,-1.18828695526719,0.469828662152697,1.90525438871692,-0.388108272827936,-1.25522988360657
1,-1.12222069141789,0.548355633375952,0.689748225455442,1.73009117635181,0.422538851454225
1,3.41966424420576,0.150015716078983,2.12323017636542,0.580193128585393,1.35387840947608
1,0.251251250155156,0.105685790054656,-0.769979139693683,0.438683037369975,0.501870026767768
1,-0.743408505892542,-1.52890286937855,0.301102421038864,1.31264184400462,-0.840512905495665
1,0.730857108832681,0.990925285214779,0.620190777407421,-0.431690055401505,-0.159236942529751
1,-1.03289724698258,1.10136724723782,-1.66396079824183,0.813267288333697,-0.927117405282859
1,0.783272622572686,-0.43470687568031,0.41204774044406,1.66622351672248,0.0602840859085883
1,0.739610166091074,-0.00689290563338203,0.999116696096682,-0.491120104630851,0.57029387169497
1,-0.562954923790889,-0.426384080644587,0.274149115561108,1.09153790234961,0.188402069888199
1,0.387093138629968,-0.296645290811376,1.24651241843756,1.19704426730123,1.24641342558987
1,-0.289938245008447,-1.26351717486001,0.888631379411228,-0.273168488110602,-0.718863662349227
1,-0.96357065748168,-1.67549765389264,-0.356926441865702,0.266101901616387,2.13136158723933
1,-1.30211195389957,0.74124053492601,-0.410823235919216,1.05717057451552,0.0351230153553545
1,-1.94440263958253,-0.43109481615868,-0.0990616745469171,-0.371274447549139,-0.858454537384643
1,-0.557620082358454,1.71900816692378,-0.473256545398704,0.444584121497013,-2.1506263632005
1,0.540494848339948,-0.673626843747182,2.73418336055681,1.55762376423374,0.096403570243396
1,0.264616755807654,0.654018490313487,0.53317290473689,1.00948005393303,2.03355538723996
1,1.72186409811085,1.02967990325148,-1.35406646411221,2.34159183958896,-0.52849139788016
1,0.322718900421999,-0.816478479079613,0.210051537650131,0.0858819584270702,0.0650048990468606
1,-1.22746639108128,-0.779452285513601,-0.465640299649408,-1.32602637870897,-0.0614346348190935
1,-0.737069326895713,-0.781318109531302,-1.00602256605404,1.51942631288455,1.29104955085063
1,1.15049340330726,-0.175751002852343,0.101801223189426,1.12899736701774,-1.79128681054499
1,-0.310196685403225,0.0137981989940827,1.04817027976086,0.604487620038875,1.79784742382901
1,-0.549172823814643,1.27520942816871,0.986817348435807,-0.263238718911488,-0.782231530987239
1,-0.559883565943991,-1.89513089843842,0.325819717711949,-0.483880024515659,-1.18498629223827
1,-0.40798991563296,-0.533346807402046,-1.78602929400361,0.460213177276596,-0.620703676481659
1,0.206447742040014,-0.276271588375352,1.92945201674134,-0.888772409514351,-0.776375428159735
1,1.04985355084966,-0.404908078897218,-0.39395539702526,0.903169242145975,-1.26699335242593
1,-1.66966205420124,0.722474125523097,0.200787016626654,-0.0406347241841276,0.397509959373004
1,0.385214299658535,-0.51662246780004,2.03991416235243,-0.401594282405443,0.573370415825217
1,-0.245979700890094,1.05119225308659,0.334897334751446,-0.455446538417235,-0.180665037522311
1,0.272598405492432,-1.57313068352948,0.848028796642139,0.781172659194159,0.502136843942915
1,-0.413307731305687,-1.08763236005843,-1.86496051323746,-0.143770352753244,-0.343189404872299
1,0.355434377050994,0.133087669020727,0.837374574139293,0.114570911770421,0.227201355501044
1,-1.41305294041816,0.416290243146253,-0.992254347135462,-0.500359364758273,0.424772403917472
1,1.81588449942417,1.45231188413143,1.54262701011091,1.26587513765164,-0.0366369807373445
1,2.33044163033935,-0.306712834070311,0.661341052698867,-0.372249876300528,0.668465537933768
1,-0.898690346611297,-1.22284338339643,0.582825264039211,-1.10906018421881,-0.0128664931350937
1,0.0267322917332257,-1.77974217953019,-0.0485472925180387,1.70378115606986,0.426490504615802
1,-0.700834264246935,0.135163828468408,1.5573662592563,1.38137865993193,-2.53657765698045
1,0.926854455586111,-0.0295977981078579,0.0628969156952596,0.32388560238417,-0.766425390903551
1,-0.189951321063858,-0.0712019514651509,0.535216561794185,0.110332399436795,1.06785912021312
1,-1.41280753671409,-0.217528046477479,-0.0656573352054819,-0.250733936508281,0.810022977392415
1,0.27639778308913,1.0038519829631,-0.212039981268874,1.46163482909132,-0.188000500860818
1,0.165401105714818,-0.272252866342437,-0.44973595352137,0.971029739176177,-0.65181825450345
1,0.264114792743205,0.408416481360625,1.26518183780821,0.978282881221099,0.0849581051529777
1,-2.19926757285075,1.4578905055084,0.774464568494674,0.660252620607096,0.353309360184864
1,-0.231496292636699,-0.581042368680804,-0.380029224524292,0.467418389282896,-0.740614067077708
1,-0.799136079250029,-0.117421953330275,-0.262585619554518,1.80311692658297,0.348130204144198
1,-1.05259291781013,-0.538212790095789,-0.476091376264912,1.13303385974499,-0.574821597814792
1,0.0481439725767869,-0.862656006866806,0.314178879213467,0.671695631061513,0.828156719359465
1,0.749917144212695,0.33763184898394,-0.977121559039448,-1.04225339815514,-0.305464862257561
1,-0.709601167338085,2.44350457614154,-0.261496486408832,-0.0310769899839766,-0.31690577334367
1,-1.04647066861473,-0.419257760356689,0.033740908947861,-0.516826689617993,-0.371125680336112
1,-0.505531547088843,0.271270227219717,1.28973219431311,0.535400653279378,0.934938812960741
1,-0.140539315052997,1.03887382395033,-0.30562935658623,-0.553768584338078,0.682837482409491
1,1.62069857011444,-1.18513989589625,-0.589413800365041,-0.312730810186739,0.0555639077979587
1,0.371474041620558,-3.06481561182982,-0.588662179903693,0.676260365256157,-0.0163505138290506
1,0.451327923006568,-0.678722288757774,-1.75528320488451,-0.778430844349416,1.03692978142632
1,-0.0965876565216561,-1.1105894375288,0.463397484426081,-0.735134671498936,-1.11809352106662
1,-1.90479527742224,0.0681387451337938,0.310821875225437,-0.0467498106416333,-0.389491138635869
1,1.3915516449817,-0.692771633606591,-0.191664188516585,1.68525588214899,-0.390959139023063
1,-1.74410702396746,1.91020490150571,0.890364110561738,-1.02143438778385,0.391510080292118
1,-0.909458490214134,1.09570315860004,-0.663004261323707,1.45446819911683,-0.354726921353725
1,0.00157885488092466,2.03073770446536,0.455040665104726,-0.655165263743965,0.471240260827233
1,0.329273826836953,0.625633840117392,-1.12463132829554,-0.175790913316431,-0.625326456260757
1,-0.931768515451264,1.01007102432316,0.297179055195633,0.686605461990178,-0.333124178410213
1,-0.669372235482895,-1.12804241747992,-0.913159510013848,-0.743555315537191,-0.829960543033542
1,0.0747787844915641,1.47777166334963,-0.364312897804558,0.450171027821525,0.153586487919725
1,1.41288975069404,0.678248882166425,0.0413579671801911,-0.430730432622371,1.16769302922219
1,1.63639833039726,1.05347079485801,0.00794350186700392,-1.53058242937602,1.45799528356254
1,-0.215805829127043,-1.14867169528103,1.50255408708635,-0.698903879901915,-0.496736649631986
1,-0.66940784017822,0.0618102508456004,-0.403617053619249,0.960091332662259,-0.47373345643744
1,0.451123645883098,-1.25779099450429,0.921722489221992,-0.670507306306903,0.672528068652974
1,-0.0556873705834633,0.734669560286027,0.310240251047321,-0.287530726157908,-1.21531630322215
1,-1.16284024716953,-0.008052336939842,0.032699184934094,-1.48752254064731,1.14759420254875
1,0.585700334950975,-1.03284652819645,-1.95055619301459,-0.33878252425994,0.230024509058285
1,0.609371446773772,-2.86826600918168,2.23950935929578,-0.98823547652601,0.325053193493771
1,0.168454562616577,-0.551078527718227,0.120635062805759,1.28893714816049,-1.03395979740942
1,0.405337455905639,0.411655448433386,0.684076397740845,-0.535981240273771,-0.343408962124083
1,-0.379085048891553,0.256671964277239,-1.31354457597253,0.589119409599234,-0.814849037555677
1,-0.678130091678481,1.95230066971392,0.70005430122881,-1.47075072597377,0.198596033843269
1,0.428400737248931,-0.940733189298626,-0.00186906760494783,-0.712095172054345,0.434669042006559
1,0.439508965998483,0.66925912655218,-1.3203541212197,-0.233963831893394,1.63334737945777
1,0.313196341652859,0.949976662891282,-1.46914265756868,-0.887570726212361,-0.733410070696467
1,-1.35692488893015,-0.410866603451632,1.57074294327831,2.06422835942029,-0.757621592846833
1,-0.668659848477916,-0.551286828187869,-0.68618413434719,-1.35812460461922,-0.7317590582212
1,-1.51146979562529,-0.0521065401451455,0.179749986220107,-0.93723556401853,-1.23385927093229
1,-2.92571873278903,-0.241351296845347,0.662816605218619,-1.15801630983447,-1.51875045101271
1,-0.0758772662587078,0.513452968088838,-1.10589564871992,1.35184562974741,-0.403589518701788
1,1.96042541655969,-0.429409308460014,-1.08196471837546,0.0533364902142213,0.304996183640717
1,-0.906603536335479,-1.0489393981779,-1.21570310660744,1.88299902709967,1.91097451243554
1,-1.9994802785961,0.119567112346333,-1.35260032421425,-1.71146608246036,-0.255518546257312
1,-0.66507067117111,-0.0711919546045127,-0.446882312133218,-0.0654062289082111,-0.480312142893799
1,0.629663204396903,1.29496344021447,0.792534501080177,0.814925847331333,0.876837902890248
1,0.196609412292824,0.0761572925721195,-0.0654610752560366,0.406495556507863,0.211120256319781
1,-1.73290036790697,0.924119182497443,-0.0624201310784263,0.728470149617495,0.94705657025864
1,-0.0497305096071825,0.0830765506227536,1.18855029990843,0.589848448220614,1.2574855773347
1,0.150832515413407,-1.37415322458917,-0.872275464302571,-0.530389900316083,1.3679869695288
1,0.366487834973969,0.55086192812405,-1.53638176829704,-0.777989791935679,2.2196485991109
1,-0.219230745244667,0.618490005377841,0.498802644733032,0.703097164232428,0.70935629302556
1,1.35216350776592,-1.38771405278601,0.127527321368244,-0.200988585938775,-1.12894665672767
1,-0.368948356166205,-0.212477788571983,-0.82403573161324,-0.538040246590744,-0.0185630577514099
1,-0.885479522616037,0.101881682050851,0.800076302516059,3.1546901978602,-0.269535470468104
1,-1.42054863438553,1.21077492811397,-1.15541294031075,1.54778939269939,0.79376810688765
1,0.648293656267152,-0.421231643082263,-0.263249009421588,0.520675983422595,-0.0437633927662858
1,0.836918010020404,-2.04576246046831,-1.08371547443809,-1.30957332771959,-0.264630496189276
1,0.144552052767525,-0.642632897720151,1.42461405477427,-0.907660919292353,-0.508973300949982
1,-0.838238535280822,0.31793252584229,-0.41022181462315,0.456057411268619,0.505065191453727
1,-1.2023199031762,1.36512483955797,0.418468537340336,0.637728950615026,0.4598160223662
1,-0.352745506803411,-1.07017525364479,-0.59863000813898,-0.357556131641633,1.13624458006715
1,0.0922604653421828,-1.49070201672449,-0.45125694801901,-0.281973099975407,-0.871578695628908
1,-1.40056137650483,-0.625148615736295,0.452206412611227,0.635723769861448,2.46250164483623
1,-0.457997149506093,-1.56149214597131,-0.422983292077447,0.699897728131257,0.713293716500528
1,0.348605924949663,-0.563134477429034,-2.1459111460549,-0.716162208067401,0.865754476227197
1,-0.407418819824547,-0.239669954006858,-0.133940071229141,-0.220290816598298,0.230347895545771
1,-0.318790578508872,-0.709160603566137,1.03414099914626,-0.74264525094668,0.289721535074348
1,-0.319432569019732,1.05124450180547,-0.484837855032781,1.28103560050593,-0.312820215678934
1,-0.384890127704667,1.02527233874852,-0.0230147861842584,0.72044892809951,-0.0179794221757641
1,-0.111686157290651,-0.641767048049251,1.38663354272487,-0.795450652541137,-0.152284200446307
1,-0.688786175729937,-0.585041741275807,2.0323763866966,-0.0979750663030047,-1.77007118815273
1,0.40287880966369,0.21195000298433,1.01204751415045,0.173540707211443,-0.477718756096335
1,0.375508154572048,0.897446705556632,1.34656314272256,1.36376382527534,-0.913845902354844
1,-1.39305705967492,-0.102251429857155,-1.50149443594166,0.493613684199669,0.375028199240118
1,-0.450739090276948,1.47273227138329,-1.08365908400206,0.873336978658034,0.396822260752469
1,0.0555314986283803,2.52142447828937,0.140220329509486,-1.04049622211166,0.662287015078332
1,1.07540653571475,0.738567680374703,0.110063546190112,0.0780882108149969,0.52029237112197
1,1.22551294879398,1.20382690260853,-1.67997298768124,0.0492547645985295,0.104347138613248
1,-0.178440282960455,-0.806837901472449,-0.170424764845799,-0.107263322694628,1.48231274469322
1,-0.572397471052443,1.25471376454949,0.271320140975692,0.697594105221066,0.0851094218595148
1,-0.164187505610563,0.388961158382451,-1.16270773854124,1.60685809706676,0.284615979920601
1,-0.807551153818958,-0.399454048859276,0.443841012168158,0.217379824064591,0.217793109529068
1,0.123257016652627,1.10231269709406,1.01969349099282,0.193754346771342,1.76699604624801
1,-1.07106555142884,-1.38254221475273,-0.656968538629856,-0.989622383637566,0.132429077382739
1,0.906206594391068,-0.907461562560852,-1.50880032879735,-2.25148066497223,0.421984292319182
1,0.872064660045235,0.483993672743812,-0.367181685797773,0.313875263321957,-1.54322634224316
1,-0.39163535574714,0.68369139918067,-0.351940917701242,-0.815286989079431,0.222511783345578
1,0.336272067892683,-0.225670946366488,-1.25296598202774,-0.192455852374501,-1.21851035646306
1,0.505851179551189,0.00566309001864847,0.111811738231176,-0.299772431433592,0.354771323709681
1,1.06665619482663,-0.346685381957522,-0.455835819153756,0.0115115676275157,-0.186060223980672
1,0.916673915621852,0.288955807234662,-1.11277513710559,0.364112296967345,0.269631793097036
1,-0.709708707382155,-0.984213526711563,-1.46136383280073,-0.262754534139668,-1.13349656274206
1,-0.598124893375977,0.13234053190599,-1.3242131308984,-0.185576024658464,-0.698879979932467
1,1.25805319294381,-0.770579590872391,-0.0912324552694639,0.551065909768827,-0.0780690194025408
1,-0.506553214225815,0.843070515431163,-0.574055408890425,-0.431879286990436,-1.45165831418376
1,-0.474159213135635,0.315948837299838,0.658661574457041,1.10630878228143,-1.34645981431786
1,-1.65598718722883,0.999314920459556,-1.47918560105565,-0.442011484679757,-1.74672676945808
1,-0.652929010746159,-1.5896206234903,-1.08099117249027,0.412516420469709,-0.497424686546278
1,0.402592679897279,-2.59683664202106,-0.103281998076368,0.0810792098158009,-0.690933959453291
1,0.373618177750393,1.75304721556664,-1.6287722553648,-0.713888508236746,2.35737665740675
1,1.60308879403756,0.906361979228711,0.621540931867741,0.725039857268479,-0.743092632417732
1,-0.491740886889567,0.491250262128716,1.4245288325005,0.921880821559682,0.136081467236016
1,-0.664074855497226,-1.02342244663059,-0.242558420063132,-0.171875413345385,0.458514925245313
1,-0.077449848673603,0.973405333027047,-1.19750866605193,0.742126524013787,1.16448130377279
1,0.069102443172346,-0.0584295195404027,0.349783437603013,0.787297079838532,-0.289229152152928
1,0.364504581248527,-1.00061606068157,0.0132253974148944,-1.19065034406138,-0.41936732000582
1,-0.765041844124551,1.63127700757273,1.23037893848648,0.0600026332123458,-2.46610791250709
1,-0.201568605834337,0.314971444793907,1.25261809370662,-2.02070863989039,-1.1863946207858
1,-0.305437233578625,0.504866055479756,-0.622790034542201,-0.0168957147753739,2.56254805861154
1,-1.47199888750123,2.33298294095359,-0.423726380251018,-0.823116563178251,1.15665229523076
1,-0.594874635628408,-0.670838326870558,-0.335132601607798,0.503081219615523,0.508420578040851
1,1.59212352947365,2.67656450907917,1.15261242562334,2.31156152873956,1.57117278273947
1,0.609840489260656,-0.917632472116524,0.475371371366879,-0.459194036284847,1.61811199946255
1,0.755832900495802,1.21325054725226,0.0740887970976838,1.90755571869413,-0.0811530593342423
1,0.12063660103975,1.15479618585247,-0.306046668963396,0.448222058690729,1.3732134805309
1,-0.500060722165653,0.159123324887117,0.989038393553769,0.215067317627847,1.67329699694624
1,0.519971689086019,-0.801767481372157,1.00234998860063,-1.97791218563805,-0.524561858259546
1,-0.577376121001364,0.455841626606353,0.985043664016908,-1.39044753722161,-0.859722068675096
1,-0.333652925893561,-0.596602504279668,1.1751513763268,-0.618328455251138,0.96313809238055
1,0.503775805670987,-0.444377571537489,0.0298233670467748,1.14965263112127,-0.473804537566584
1,-0.806271355376619,-1.37129522418669,-0.108121035450459,0.480796129386101,-1.08347273672361
1,1.29968752144071,0.668781344160119,0.252654071918363,0.108500335899601,0.76786934046549
1,-0.148073748430279,0.8377884780765,1.3375367851805,1.22800373381378,-0.101649375410896
1,1.66484837408636,0.519415191736787,0.457088655456988,1.00053570367446,-0.258894648294494
1,-0.0755972741929665,0.646430570257026,-0.350968664662376,-0.769614104948724,-0.0640589243089426
1,-1.56471924878286,0.415670219430086,0.611313464688486,-0.145014646099774,0.439175108445869
1,-0.347276415220615,-0.245375531620462,-0.872667668711611,-0.376072805406886,-0.115008345002674
1,0.387735273082324,-0.62659623870993,-0.0820329851241126,-0.318787643736307,-0.386985743693161
1,0.717690507438956,-0.154332671410991,-0.51121662422369,1.94861654164222,-0.324674559072725
1,0.272396536132102,0.573713684421217,2.10812863321931,1.6402035133676,0.15637287475553
1,-0.942977033796347,0.0112784328987563,-0.383528162096293,-0.365643526650113,-0.694760360523727
1,1.47648266437271,-0.933208970854702,-1.74823822776534,-0.969387363021348,-1.30751395846001
1,0.0408190618149979,-1.0616721955109,2.13740118355608,-0.603308334755553,0.245539927200154
1,-0.114859001320045,0.553568764470673,-1.02777183239444,0.325129307443497,0.379188429161184
1,-0.874103535183872,-0.154402296357765,-2.88388326551383,0.265494021061456,1.04199470972424
1,-1.70890776002338,-0.333090130758958,0.800884297375234,-1.0083761980614,0.623240444220201
1,0.704240780580779,-1.93995843057465,-0.371962296837207,0.499593756078995,1.19849236412902
1,-0.18374625359482,0.0244120832180691,-1.30721630165642,0.0568484919128444,-1.07244360544998
1,1.06758910479753,0.241678437352449,-0.0690304704432273,-0.268900310143835,0.00388780665126348
1,-0.401325274479275,1.76465636395542,-1.92956836255138,0.0759792934035403,-0.147825395887975
1,-0.854915330053342,0.0814285081126438,-0.974133567313673,0.854895627159331,1.34815142670335
1,-1.58275323000947,-0.426652801453898,0.885877531545902,-0.0446056718647814,-0.0551798333813719
1,0.140212622068178,1.75253412716596,0.00523996809049896,-0.365399057786147,0.324223759969748
1,-0.687913117752032,1.24314789911164,-0.0621782073572133,1.03932237368395,-0.737630901899754
1,1.10611821572906,0.465357958197766,0.630303388721644,-0.0324713336731021,0.84177247965497
1,-0.928668058209496,1.57380875431889,-0.48917741306295,-1.07818079083498,0.370336189945758
1,-0.162510651782509,-0.441702494110396,1.52425998249096,-0.140839706443848,-1.70341731853165
1,1.07443458237552,-0.260061591849377,0.0257183115465047,-0.402991312548149,-0.770490378366618
1,0.370518106148729,0.0206860692755229,0.512548377394858,0.949295405934954,-1.34587675089331
1,-0.955730120886604,0.660067673548046,1.37313851553005,-0.446039429134632,0.911290914079961
1,0.975566558279626,1.21920260919355,-0.16255580140249,0.324208052923655,0.465145388918891
1,-0.518569305322105,-1.02705592083672,0.218076524967549,0.452291287334444,0.283689105035921
1,-0.582157460472491,1.35466915551072,0.58365518640716,-0.450754373028378,0.161908085040432
1,0.292836208997703,0.965431011545391,-0.996078802205916,0.127769401218727,-0.165715634889914
1,-1.62337797676768,1.3769458380674,1.35743641922851,0.45216244301743,0.389506744284068
1,1.15188845740246,-0.243911193338988,0.262767088174283,1.15292073879147,1.11111511784268
1,-0.269623004183191,-0.573803932787579,-0.257942947366488,2.54834368285987,-0.0677692434789136
1,-1.05017621968896,-1.22802784495277,2.62444949331579,-0.421245276428213,-1.66283382973532
1,0.415891515995755,1.44612372852975,-0.260011109239574,-0.597129943739933,0.550690446101828
1,0.664905771590208,-0.188287096948156,0.348107705107637,0.755901884101168,0.45726060941064
1,-0.252336145082323,0.718449077487092,0.554803426158074,-0.623785842387379,-0.359431187249235
1,-0.422601670340831,0.124664126688746,0.139786673600397,0.893954761502852,-0.88643255350664
1,0.617435470412024,-0.396793036001042,0.371957738426193,0.222121922052508,-0.225843285545797
1,0.824436686072126,-1.25283562480492,0.475830371636378,-1.18931360577495,1.35573552997446
1,-0.870014853584611,-0.0613764546623843,0.359757964721465,0.795727523513872,-0.258238703557352
1,1.01799455734306,-0.70819627769886,0.589785014031023,-0.26085780111755,0.156888936544771
1,-1.1989691160604,1.02769200248195,0.308885569252204,0.977346026508709,-0.250780645712194
1,0.385373780148115,0.757501691286174,0.824467596620876,1.05506065211889,-0.765651780138272
1,-0.103504181710893,0.765967530194685,-0.788837474609111,-0.478428069892138,0.42705292865763
1,-0.771758099261041,1.45233151783107,1.14838622247417,-0.761625106631469,-0.412791256403001
1,0.457532062020262,-1.42034434801975,-0.60562434828014,1.60486693578582,-0.244050671956278
1,-2.49271073593105,1.90695775359796,1.03242399201391,-0.828896823178728,-0.481205055926976
1,-0.315910670664208,-0.944100144682894,-0.390699440740434,0.527300370617156,1.04313343945542
1,-1.54695989645299,-0.647225158781228,0.790847491383633,-1.46935855907538,-0.461677673112894
1,1.63072576671769,1.79831815099383,-1.6174755737075,0.692250920925838,-0.297205663533793
1,-1.40283624972422,-0.334141962003688,-0.237643782436166,-0.618893121384867,-0.429664213202182
1,1.29051423796031,-1.37651211612257,0.902057122492211,-1.10392358244314,-0.516988085353878
1,-0.454713368851841,0.36053742038869,0.928348501845236,0.15103142050887,0.411948256468709
1,-0.390935284060533,1.14027794057307,-0.369909334267863,-1.33069739080119,-2.77868558625183
1,0.552528295524714,0.949721397052092,0.0360642050825585,1.59701405368712,0.706413557060531
1,1.57634750528226,0.108574672549672,0.617096677521506,-0.0450788674749907,-0.685470660142362
1,-0.740972595213078,-1.42940226913536,0.626697192942034,0.69384307602339,1.10792741563835
1,-0.644861364816171,1.94276621318756,-0.0806355355464623,0.722301695585306,0.267374126505877
1,-0.431876404368322,0.252475266160349,-1.18842649634288,-2.11352010998272,-0.848430957557022
1,0.224135826010932,0.747775643995609,-0.456619958405371,2.37266659747819,-0.696663423459576
1,1.64832340484083,-0.287862323691972,-0.583244441113463,0.173245453586717,-0.383406767132846
1,0.130535548675381,-0.408050114190728,0.13310686140398,0.282824816346843,0.646242306559973
1,-0.955906481747403,0.00482452868309818,-0.0766327777168118,1.72349212261782,1.50869080911339
1,-0.825938407821022,0.769331078144909,0.353313434623872,-1.06717397717666,2.42389342595702
1,0.0552181702217666,0.879208984186295,0.353084249728955,1.37374203923326,0.565064602706247
1,-0.407520100725967,0.0745558122978914,1.05128136296589,1.33994922461221,0.0405723476390902
1,-1.15261154663061,-0.313650379723259,1.52207098228155,-0.546782684069033,0.567550915857539
1,-0.537161651460097,0.848031258974352,3.62102628195235,0.51483578888834,-1.9113675889087
1,-3.21244188725258,1.35924312299189,-1.92301212851083,1.14095079130599,-0.0990320569636427
1,1.96762910076808,-0.327877621895035,-0.214270287516775,-0.267548936335938,1.73597634469912
1,1.04950907407772,-0.992347710184194,0.438058590909929,-0.0677499235618459,0.607096927220979
1,-1.44637744489439,1.45895685772321,-1.37991539497162,1.48970406721644,-1.23410600444004
1,-1.13897217691593,-0.734561441123536,-0.789632111803854,0.418869578299634,-0.245904824521956
1,-1.14375043852381,-0.49103139865716,0.101270390047521,0.798606773500383,-0.725129491749945
1,-2.2041938507441,-1.92035858439562,-0.424672832823725,0.411918029134202,-0.109232636669898
1,0.341237319201136,-0.464274338896752,-1.21932238928427,0.440703333877063,-0.40998014784334
1,-0.369890600012325,-1.03685085389767,0.573691441891304,-0.631147479399175,0.949847698784977
1,-0.210338649230605,-1.12045677214961,-0.493198100671964,-0.152746428450389,0.128540752259726
1,1.68983868889851,-0.500546540857225,-0.0270629789805417,0.362704258613708,-0.113456696168916
1,0.634728565137644,1.33705086502592,0.989193978832803,0.386183003735234,-0.319239026036532
1,-0.295070851951236,1.5014781856306,0.560170137717729,0.17847370810676,0.104876513045839
1,-0.586877280713026,-0.685382008832936,1.66664272782164,-0.931170267958772,0.571140934003262
1,0.251595620032262,-0.151642468531528,-1.21344454686059,0.085708025007106,-0.811466426045762
1,0.517189378730778,0.00489251258007526,-0.0437594687672276,0.124145879162746,0.853044334686244
1,-0.0246724156035286,-0.305006378477808,0.901222112479071,1.33931657192994,-0.37523547375239
1,1.75076713894177,0.501258683562021,-0.0525363700010178,-1.55521401531491,1.95224261660787
1,0.0729400031936557,-2.64425347254085,1.23522530128212,-2.51526213489355,-1.04791186774514
1,-0.596302338697084,1.78589353463011,-1.7693222468821,2.21768545188486,-0.848975494636987
1,-0.865104650167747,-1.15287387299187,0.175145793454162,0.0350054674952378,0.710137218356382
1,0.0280031779114363,0.785895720474601,-0.955164297905368,0.431549519302199,-0.342899207812059
1,-0.124143340137365,0.507196934713674,-0.68502772987552,0.0350630670635734,0.1334026511991
1,1.30380333274188,-0.0691758206138219,1.38356585726159,1.53469369796467,-0.0641471846763432
1,0.0731232280816914,0.278051827971044,0.727563874445999,0.0612152557365443,0.432894699521207
1,0.503294731423687,-0.366009968365306,0.34335063392514,2.27242724178782,1.29957154454324
1,0.794274808124799,-0.40048486047428,0.22628364308607,-1.03845325445554,0.561589905282203
1,0.24598535768955,2.29635440376179,-1.27612524035171,1.16275859560699,0.928157350795519
1,1.68830242030438,-1.22580880335512,-0.432075536535127,-0.370224497755552,-1.86932855229456
1,-1.75688348151743,1.06391883090047,-0.50480815673731,0.363362053344552,0.694613264882654
1,0.448740387687358,-2.37782105091928,0.564904476966351,0.446457926752891,-0.0704844262987317
1,-1.02122950370531,0.607708126395957,0.00653793085962153,0.803700056317072,-1.19315818459486
1,-0.385675978200564,-1.08696397076315,-0.558664045977729,-0.500728826477872,-0.71609204953271
1,-0.135652944289325,-1.37963252600369,-0.168225403929426,0.311097479448355,1.73825555098602
1,-0.588652314515151,0.882396415115231,0.559760881864707,0.891530833860249,0.400853498370105
1,-0.326564515838603,-1.35671573043666,0.950977705859696,0.869811506305814,0.0381580759918215
1,-0.572690314513569,-0.779838139439327,-0.409558191830015,0.963010446660768,0.489965097782793
1,0.346685940010429,0.676859761205152,-2.16595951864112,0.511690353532635,-0.00844757096382142
1,-0.737612595613297,0.739042753698557,-0.0684343989160956,2.46247331621169,-0.22342726251782
1,0.151829003949636,-0.166765779794108,0.564045406051041,-0.418271811105738,0.48970100623873
1,-0.605009131636547,-0.373809197369485,-0.117868264090034,-1.431098115486,0.351987085556791
1,-0.400693672972993,-0.191036887835463,-0.0317804982870894,-0.154032780891076,-0.231796205814254
1,-0.437740382824527,0.128734007164857,-0.40400393367867,-0.377026854475522,-1.26665844566761
1,0.568376423222294,0.692895123869019,0.245820230979809,1.27527513238297,2.2577452002101
1,-1.63764856624896,-1.42969059175386,-1.9633229560755,0.589191265480752,1.71635316860492
1,1.32626315742343,0.257836550550082,1.54776943802393,-0.0860842328372683,-1.16371253533081
1,-0.0757298724959534,-0.777125430927003,0.896259001017711,0.896681796863172,0.806207576138972
1,1.45004794580686,-0.0807561802062557,-0.333781745657787,0.706036694596747,-0.663592146130419
1,-1.36965750120757,-0.856318468438267,0.19551309918372,0.377396366592598,1.05201454338224
1,0.181988105400764,-0.855161113604944,-0.543603456883457,-0.2009390940081,-1.88729963493404
1,-0.743884919089421,-2.42821941365569,0.726873775654306,2.4650224607397,-0.539338128268882
1,-1.68282098982349,0.097618218244617,1.38138954340457,0.140607831364773,1.49267407721048
1,-1.07338837184144,-0.192436290087207,1.37995067658534,0.917490040299691,-0.936907377679838
1,-0.566310002643855,-0.967463703873515,0.0231545948220237,1.08341060757616,0.394515222743464
1,-1.32776181939424,0.0760391265138985,0.926058956754007,-0.394383146707623,0.509759740818449
1,-2.21274464582852,-0.665701397038117,0.299825179506844,0.981563717747556,-0.678207613551106
1,-1.29642567318795,0.719405944886504,0.512404491100051,0.604268229037475,1.52211039381128
1,-0.408724345410974,0.876580559986428,1.25235920951535,-0.854982924187273,-0.892654819567953
1,-0.484452917241972,-2.67428109822004,1.30879034094605,1.43620898481366,-0.748644074344316
1,1.65017653666529,-1.01735209641647,1.22856012428644,0.323547436914126,-0.217899116348173
1,0.696101213982076,-0.205070090502497,0.284894736462717,-0.0188610839599693,-2.32460169136978
1,-1.73990871780469,-0.4278298718447,0.86223115149856,0.353523919317863,-0.160156043032847
1,-1.41567748884069,-0.896598320228414,-0.433506469933426,0.36064633473985,-0.593094241690208
1,1.39970174408577,0.967679864562151,1.32709167797746,1.14871283106771,-1.724305611517
1,1.14259495234713,-1.646214739236,-0.178408714417382,1.42043958560479,0.296464895158231
1,1.70937466107969,0.681996113627008,0.175328036578491,-2.43462110908181,2.42486612818371
1,-0.952199599775332,-0.522903068738327,1.71198972496802,-1.25675570166929,0.0130874518312377
1,-0.231521672853169,-0.290382664883771,-0.535712558863231,1.21358406358344,1.18208712673879
1,-0.818568247821668,-1.46060448507494,0.709394104399554,-0.457565096495009,0.0878255724499327
1,-0.412326044735419,0.779062094561866,0.176213859637639,-1.53488139459679,0.487528004492665
1,2.05377136015355,1.90979602632385,1.93620323955297,1.04214550691229,1.78245547963576
1,0.815448972088591,0.471384948117278,-1.4718110972326,1.70467752486496,-1.10613591471459
1,-0.940565711738646,-0.771252756577667,-0.384933857680324,-0.181200182443111,-0.850651983420789
1,1.06639844966487,-0.320808109852146,-2.80072951789055,1.0949956380824,0.477279222293553
1,0.447296647240442,0.262795792133052,-0.842233513983291,-0.959436369045053,0.65010301795268
1,0.0754869576650814,-1.97214372987217,-2.40069142057805,0.179941989202616,-2.82234636223232
1,-0.826197022335817,0.19890019194064,1.11894210912627,-0.0246114324897329,1.06453066435569
1,0.834998084884868,1.02392512652591,-0.465662136037777,-1.08935127365339,1.63417501365409
1,1.51608139478537,-0.413970455571997,0.729762906897535,-1.32469478141347,1.49306155236674
1,0.531309824592319,0.333337688651408,-1.91838398963135,-0.683881390800763,0.672976864308083
1,1.37769732465767,-0.496887567775801,0.147752826953797,0.123144925989271,-0.599153501343573
1,1.59055445836361,0.00497269210382738,1.76855633106051,0.83948492110508,1.29445408187201
1,0.54216900079254,-0.135908211560024,1.41765038232383,0.226950282951133,0.0716240263134248
1,0.547309252139216,1.80912138745976,-0.419436672533861,0.0191087837480466,-0.696961295182178
1,0.0333150753254593,0.958656543636739,0.0933217271026952,-0.610280005288893,-0.291792969954217
1,1.45403189618465,-1.33225336547927,-1.09242746935016,-0.035728163914171,-0.137094043394079
1,1.28907604379451,-1.40890939362718,0.889912026031288,-0.691270364389383,0.0258194784447115
1,0.902920270463738,2.40885818019948,2.29621668688111,-1.41512982392591,-1.65711916113467
1,0.379436856091133,0.309232283214693,-0.31445286559229,0.238232294209768,0.705841772744468
1,-1.38471085123574,0.563954924739533,0.769381853150663,-0.485223148255713,2.44171420145987
1,-0.327868217714808,-0.206553649409825,1.2836758350917,-0.15894626151438,-1.04245911536268
1,-1.00593077972606,-1.61688721446066,0.262049019375337,0.397836074684933,1.01999460985358
1,-2.33064582276018,0.729987859149318,-0.531393206599061,0.962702115919078,-1.53611948341772
1,1.94280882025956,1.23519514325303,0.176770991968224,-1.2579533966576,-0.877086758383723
1,0.892698778793705,0.242418834604865,-0.66541958204895,-0.695373831687873,-1.06656480690639
1,-0.0441224271431876,-1.46662088524274,1.76625063584082,0.383899042040881,-2.0257040513177
1,1.27670828877425,-0.631262355637271,1.99611223621067,-0.269309924282824,-0.536345640428057
1,0.867005289665315,-1.56658954255751,1.21293365023514,-0.59606635886011,0.29830076768628
1,0.654691609412923,1.57854406717746,-1.50459860706306,1.4116715910803,1.94017566625949
1,-1.74565068381801,-1.52371896352297,-0.578986009210885,0.229525669608869,2.13340129587886
1,0.3747882539985,0.537191531606232,-0.198307778188095,-1.08197050960072,0.823591555100076
1,-1.83105616000827,0.0193136563225204,0.664580092007135,0.897839946318019,-0.74586032956914
1,1.610583982138,-1.14412777902405,-0.236262728430188,0.932466439216642,0.666822063366917
1,0.656935494136973,-1.1676726846495,1.04319167117933,-1.41733327593731,-0.224104932615934
1,0.774588498273978,0.736765584040284,-1.26006798902018,-1.51357323340967,-0.0484901797666415
1,0.694808756333485,1.08071934800331,-0.138914159620617,-0.237659860494687,0.267308122812639
1,-0.278936973643595,1.75854928118235,0.217629197525516,0.0993754384580673,0.144177812966722
1,0.229151001142185,-0.419842751019917,-0.0624561964766717,0.413823827280565,-1.21006561300782
1,-1.96820711282736,-2.40519908339769,1.05248050015421,-0.355750708512772,0.814616132079935
1,-0.89701281485621,1.34077466494927,-0.230748778193695,0.882327242879172,-1.44999369751449
1,0.614713104732458,0.933724709016891,-0.586075610206194,0.108434380968876,0.00741452673068291
1,-0.995981080970882,0.511966043880984,-0.0124737073008155,0.908252339278345,-1.21905949141141
1,0.468335236643938,0.350573039250025,-0.345257270343436,2.33467192537818,1.2048370474922
1,0.0823788985125459,0.495591345581946,-0.688238542592029,0.0332600898595671,-0.536696011386639
1,1.13687221694116,0.190370508776731,-0.32309170358929,-0.133446249949906,-0.620030453948494
1,1.2722254431871,1.21432190977364,-0.0666438632598328,0.630528219083423,0.256007500214761
1,-0.0608097204907906,0.0204900930608343,0.59063680636714,0.112496839355057,-0.581086166459722
1,-0.957580759442,-0.538868376603026,0.207031300255725,1.26282753727761,-1.05976030133668
1,-2.9917858805784,-1.7155836402567,0.713252199660587,0.442180961823357,0.317871764757859
1,0.870185514915078,-0.579037414749714,1.18884278624367,1.17905166590947,1.80110610136577
1,0.423864260511169,-0.232827885792467,1.68041323978564,1.15485352131777,-1.38535444664127
1,0.873478993322822,-1.00545395826678,0.932661871729421,-1.06381923763363,1.40897902373725
1,-1.59434857360716,-1.81076357509288,0.50123482240233,-0.0679069624797416,0.181039260393582
1,-2.49085883766915,-2.00071586420653,1.81172990004866,0.285807498492973,-1.4293233925482
1,-0.296652150151325,-0.943550012395517,-0.819175213942964,-0.07212673098161,-0.857186095451301
1,0.032515572635341,1.20391914679956,1.90634693355324,-0.14850674674123,0.931889000103575
1,-0.595185450269476,-0.399595352919395,-0.956280320732545,0.0666323862529822,-0.799976973985525
1,-0.0504670562954954,0.937608374900451,-0.0490922758395805,-0.336268600734663,0.767620609888896
1,0.618398223384612,-0.914345265610862,0.27781017242095,0.778548439589788,-0.477195449252453
1,-0.608607252524365,-1.28170173066928,-0.288750699380911,-0.499421263669273,0.653270511181695
1,-0.0278127744569402,1.42640256175538,0.869124565029506,-1.19351963600839,0.29962694594558
1,1.9109992963428,0.186458864022765,-0.0150854812117105,-0.589728980290567,-0.847617747404101
1,0.500008941205676,-0.879487549454233,-0.971575994607108,-0.591910898891533,0.143222693934325
1,-1.6907770643334,-0.454767763282215,0.83670788418245,-0.02574887736938,-0.256180744402707
1,0.509600100954566,-0.0609216854171885,0.0129655863073554,2.10495638562262,-2.16407100690988
1,-0.0916335549215921,0.250710834021123,1.66978725049764,0.0615419043868596,-0.728604006181605
1,1.44231056781543,-1.41713449269233,-1.92216149030322,0.0158805986912353,0.53310256426314
1,-1.13117473045441,0.221001340617464,1.41415139235047,-2.02273604715826,0.942376010192385
1,-0.47454148962626,0.89922400023268,0.715142938116862,-0.561612771633266,-1.66650636044742
1,0.0443920412301788,1.59204489434724,-0.290515625558348,0.0513643125990072,0.515892238027957
1,-1.65991065612207,0.897953703164833,-0.0153623644508092,-1.29211507806878,0.665020747048367
1,0.911830323616856,0.333338672261168,0.154560580095951,0.776686846827535,-0.242009251241745
1,-0.116448314301799,0.0174769242457988,0.150371441441193,-2.39787096124594,-0.863261856648359
1,-0.689549443186172,0.0194383426784036,0.143853852487155,-0.101745460257986,0.295644345831804
1,-0.804987864229403,0.375171503237412,-1.14852095502888,1.45504117206709,-0.0767793586646593
1,1.2696605394093,-0.39077340129705,-0.553163059292392,0.841464619612688,-1.21971478542813
1,-0.615971518205555,0.267624317279278,-0.115817070755787,-0.456287523695059,0.0267472892988927
1,1.26776885902933,0.492883825796633,1.09345738982291,-0.637209644426595,-1.0447348124144
1,0.606347850075369,1.73609202024675,0.274479506814262,-0.655272589985097,0.288554355788509
1,1.39566927735868,1.28525698874548,0.976263741898879,-0.568936002960122,0.439913966104802
1,0.78433185460019,0.457622103856873,-0.714244616735575,0.419891517090961,1.2046342934963
1,-0.51275233359834,0.619880754379116,0.640074693783616,-1.44793707750583,0.158254822678939
1,-0.57792463637214,1.17821187786933,0.760538164407055,1.06027525042073,-1.51280529961911
1,0.395279094664774,0.601079682802001,-0.646129182102238,0.643010207630451,0.922191462627327
1,-1.28644096048038,-0.0758646827400677,-1.18212023845325,-1.31751628866805,-1.73813585376359
1,-1.24133840464827,1.54270436792326,0.307740149555357,1.00709895242902,-1.15114552953939
1,-1.76217449337247,-1.04066916481768,0.245500479871185,-0.0607433195800201,1.40310899063277
1,0.188261801271417,0.506196417136864,-0.653120187191084,-0.28212030505666,-0.666975282425497
1,0.11466181618629,0.636647483740144,-1.79259751882793,0.54347914496714,-0.371769057093695
1,-1.32309636299149,-2.62828628772164,0.85921264697914,-0.508157294512495,0.237481838175079
1,0.418351176904285,0.449402212800106,-1.01006973759421,-1.00410730869658,1.10689435821234
1,0.985734399898701,-0.845782265842274,-0.0200932904826339,0.567875714260906,0.0519675694360323
1,0.554065134764746,-1.036213975103,-2.01565059899267,2.14608359553331,0.821370936874239
1,-0.138642601482529,-0.342446700814648,-1.17367760343553,0.789940163908499,-1.59736468936295
1,1.22029954596319,0.463658462035487,0.63477788580443,0.181673689773103,1.04933236299297
1,0.358744651449766,-2.08510521213013,-2.6862200625434,-0.376259782072864,-1.60962689341091
1,0.256750435073415,0.528656408663431,0.303445137159628,0.145763987794228,0.41992355971701
1,-2.22770010708319,-2.81850393826671,2.32379838058155,-0.448079977016871,-0.344421499067211
1,0.754988242036123,0.845389965320329,1.01623381509968,-0.298096721407747,-0.446638126402293
1,-0.173152333928311,1.69105573621523,-0.134264885505004,1.58442081320096,0.685206545850343
1,-0.579419350565116,0.300069698464148,0.416397091424341,1.49994604420972,1.64687675196167
1,-1.54943011098838,0.178471487074783,-0.699265913244748,-0.0948369768969707,-0.159133722196718
1,0.142028515540837,1.19745651410191,-0.707038940882883,1.64158833868383,-0.94656046728783
1,1.39714426165174,1.13948329125154,0.358586380036404,-0.130314210874864,-1.14839741449806
1,-0.159139840336006,-2.49393328277635,-0.279043082387917,-0.342118134914637,-1.29430303994727
1,-1.09899094734224,-0.70657419996826,0.888513556093183,-0.910354865333367,0.638403827628612
1,1.08763924118573,-0.744903852950098,-0.683435577154311,-0.810754010994828,0.333628351316644
1,0.609286844664346,-1.87352286309408,1.94775103645579,-0.434715759839788,-1.50841858479938
1,-0.883133216694148,1.54071715844854,-0.105723072957969,0.164157564840712,-0.162196082574871
1,0.807571160882465,2.05223782598575,-1.18934203685732,-1.02774888115437,-0.71319482078353
1,-0.235008717475561,0.276493527986304,-1.04187791459315,-0.546617620148921,-0.453749085757066
1,-0.437783960329991,-0.662751788257742,-0.726931581810574,0.98152482640698,1.23704116759847
1,-0.580959787663467,0.105227223763219,-0.207907194702281,0.565501457379841,0.676998329618205
1,1.04661265122647,-0.177685234212198,-0.556855083854394,1.30094611292141,2.05089319405334
1,0.540937464352955,0.911526553023648,0.505905733878536,-1.6362770565309,-1.02016925709882
1,0.411208421687953,-0.369087732718992,-0.81805743203148,1.62954788280677,-0.272766919389924
1,1.20266331596846,0.777448659793704,-1.09435566296144,-0.0286384684312976,0.111214081321357
1,-0.124444237163123,-0.880360255413611,-1.45658100244947,0.589064712537181,-0.177330991643241
1,0.130425032788715,-1.37900357577099,0.766824292293986,0.32724681428897,0.0385174431517246
1,0.739713436212395,0.965573501057732,0.145178316438345,0.506222678695219,-0.664469424855162
1,0.343945198844345,-0.521055427363375,0.971122871970406,-0.615768577209866,0.608384960274651
1,0.422025123475105,-0.46922891811283,-0.668321530492633,-0.0962791706797143,1.20789657445989
1,-1.12554334470128,1.41895248502278,0.60617523282888,-1.77848274699376,-0.138267183377267
1,-0.394380587556664,-0.217850504092445,0.901309244671231,-0.87555845452005,-0.264948877333306
1,-1.81094597826152,1.24184944456727,0.558176373678638,1.91475618736699,0.354448288182399
1,0.210394469755011,0.0333947215814154,-0.753777180019962,0.34794831099549,-0.740135151774818
1,-1.34655175061128,0.314013573259204,-0.837313934535917,-1.26940906731772,0.125001656728211
1,-0.90003165901481,0.843841611578181,-0.951770665796614,0.195826058464187,1.05075654874392
1,-0.598412559370834,1.52884621782343,-1.47827058900803,-0.263864668410188,-1.01331782444059
1,0.75880274867859,0.855913278572633,0.875017508378665,0.797237888766083,0.238719694209089
1,0.335425204972344,-1.13860856850764,-2.78575333115348,-0.838941545898736,-0.840650204400208
1,0.227629437346682,-0.385040520558796,-0.888708838356141,-0.917630977512755,0.78662208105542
1,-0.291449490221938,0.40468111429946,0.771611485001728,0.601116491575674,1.13992683378972
1,1.74982770199387,0.502112294552857,-0.0191677721159015,0.765797718444358,0.0415911725487811
1,0.0624879842400545,0.149010279839596,0.0107979445030936,0.831257111648427,1.87847449782905
1,-1.01093497031793,0.807806579344501,0.033001358871799,0.262434255192757,1.23757912059313
1,-0.99299956124319,1.00265039982098,0.883080964981863,1.19974634133309,1.49960036781193
1,1.56608863468462,-0.702054660586502,-0.324379418768664,0.569029461887689,0.0596562083826795
1,-1.23816146923803,-0.708942098504546,-0.307798620615078,0.636789898510929,2.0321749609758
1,-1.08060032928192,-1.80802611839222,0.54357994363102,-0.884484325925063,0.470089221519848
1,-0.655968446337873,-2.09551552206506,0.821674525516673,-0.616701349291821,-0.317798327118059
1,0.0731008889836182,-2.2198208818479,1.22812733694962,0.414518648074328,-0.65734882647509
1,-0.617615665382833,0.753325504273172,-1.57815998074843,0.761369121870836,-0.395010990964835
1,-0.674056212238342,0.791083460299367,0.0411095589463816,0.649594152555716,-0.555620328623903
1,-0.680793220133527,-1.54715973146147,-0.16822182928716,1.65630797861889,-0.481220859106109
1,-1.19932738258487,0.36505398301704,-0.973594122632442,-0.89941843549097,0.725845735499548
1,1.41344407031003,0.584436363250902,-0.079310839694599,2.34385110166526,0.416383978847828
1,-0.39779974458353,-0.279922184507835,-1.38212758055522,-2.19509919284594,-0.168704884116506
1,-1.80634191799546,-1.6224722764636,0.375502224300183,-1.17963191446213,3.03168993249452
1,-0.765133741838395,-0.413305238325825,1.33507709651901,1.7171504835539,1.49465763503311
1,1.16045944814963,-0.666646388786742,0.597479336875169,-0.102530326927392,-0.88438569239734
1,0.549456865702847,-1.39036537697063,-0.996825158552756,0.000383154904217768,-0.343819308262223
1,1.269891747243,-0.903955234214962,-1.10358291847267,1.97700156683106,1.0873928096676
1,0.0107709612398056,0.594229590745465,-0.526556072207851,-1.86966540039271,-0.173699742409288
1,-1.68721804397188,0.995907344278669,0.497924103116159,-0.471094992491652,0.091065478884924
1,0.50572165080073,-0.522847442678833,0.84133546871267,0.801993453508777,-0.987362265557273
1,2.35260640653752,-1.44561612268908,-0.548210678742299,0.827571667061038,1.54235552888398
1,1.94795430655666,0.258258297556925,0.268116297573384,-0.393147368175533,-0.69491795242985
1,0.940521932496297,-1.39998609612797,-0.179412985654053,-1.37801492337101,0.177353653424556
1,0.0742715202885158,-0.401887297391458,1.59513159996667,0.756350008460524,-0.26050315069285
1,0.89775744189135,-0.199128347111361,-0.695370387623686,1.05099719098015,1.08279949350954
1,1.02619707072109,0.0982306805908694,0.317654184854833,1.38271705458466,0.932620516392651
1,-2.26218103520503,-0.496939054418938,0.954565060871117,0.15382631933124,1.84394475341723
1,-0.971327951151895,0.725255519097619,0.568100305552623,1.87395709839062,-0.136902530144596
1,-1.00639464806477,-1.62098901498611,2.11823223946383,0.428143393834491,-0.9625415302449
1,-0.496372433869171,-0.0393325674142242,-0.68193652853689,0.585676773281095,-0.717003480485679
1,-0.305227925648865,-0.85944624856469,0.573944601151672,-0.901719520182053,-0.950678800070409
1,-2.28926227097002,0.762162081262312,0.537367878011448,-1.91813871331926,-0.483954982246265
1,-0.406064898977939,-2.10500954314744,-0.741265722425012,-2.05185895307622,-0.186025121299097
1,1.13942045615318,0.796821770689794,-0.173823191427032,2.0335305734219,-0.21673412076445
1,1.66755784279273,-0.793899557895833,1.16552056642995,0.999014287768203,0.914206687704911
1,0.910786474463445,0.989545132484828,-1.73426168381087,-0.826694782301151,0.771887402900922
1,-0.365703747040905,-0.577950606979026,-0.370623601208736,0.00280024243039952,1.23116179863668
1,0.323079782579478,1.03094536345405,-1.90126195078914,-2.25628335448059,-0.938188844800245
1,-0.387042204048196,-0.32082088960114,-0.060357801081328,2.32894015479826,-0.00448013980617441
1,0.423868631487065,-2.66323879108626,0.712773880236881,-0.258909600917154,2.06926741526345
1,0.366146382156993,-1.1565468350817,-0.397625435253244,0.443780389923162,-0.874793024185259
1,2.87104204582638,-0.422402646324365,0.0640968492166611,0.962548205227026,-0.66988035283348
1,-0.186350122876001,-0.206149485723882,0.764137325371143,0.250103799030594,-0.955820417526023
1,-0.120179136050216,0.780339866766773,0.418692718165478,0.879621153622555,1.87301657303389
1,1.44113043614412,-0.373550319913556,-1.51212386341381,-0.483994261280798,2.55798012048396
1,0.260049981640947,1.29909468612286,-0.140151617098283,0.987659894911521,0.56315026774158
1,1.18364225939883,-0.159112651547297,0.834387620603222,0.576759627463211,-0.599583141361162
1,-0.67277372403702,0.105943961077844,0.943792271480596,-0.0241067628315494,0.787138334345093
1,-0.301648274027234,0.738069373041006,0.392277830222452,0.635851045283257,-0.514427292911866
1,-0.518124873707343,-0.649949416607682,-0.264743990309915,-0.722970462969751,-0.684539669335049
1,0.2466724772439,0.558641649328567,0.574648010643385,-0.131546150788181,-0.0721710899309981
1,0.311553562632249,1.68163948363933,1.60790390328542,0.405740217615,-0.815833629057412
1,-0.34995150766928,0.740560501048433,-0.139510851921398,-0.425851482741609,-0.215017385586039
1,0.160951150083064,0.0574441536893421,-0.560733093759743,1.17182766415885,0.460539566638828
1,-0.724172549026683,0.184650051540995,-1.27870888063599,0.204205638962963,-1.91852745243515
1,-1.51153649911761,-0.851309003205638,0.27180009738035,1.83628056811664,-1.95224342935722
1,-0.793147744117329,-0.993450438008946,-0.828351783894329,-0.676248239710375,-1.83295795140817
1,0.698099243623066,0.800748107618162,1.8542164194058,-1.28024639822904,-0.5277025502969
1,-0.362122274665818,0.875040185605111,0.912853054853718,0.066454918517799,0.390729034399316
1,0.343238752688191,-1.29737909481647,1.07337344436185,0.710616483647644,-0.412521692442061
1,-0.471783076536026,-1.10045242804346,1.025955702301,0.766050413165064,-0.140390556243484
1,-0.966449310475388,-1.00081628621797,-1.57682607478058,-0.285212543158889,-3.38524983900505
1,-0.0782508650855972,0.492046755991546,-1.34952775127674,-0.309993943159979,0.550727737085887
1,0.124191790940596,-0.825977410217597,-0.734068739887588,1.10716603386105,-0.55508816842896
1,-0.398228167087074,1.49253580977821,0.506802961380906,1.28314569443776,-1.65926345683935
1,-0.0916953659539968,1.25414278010667,-0.189729100154545,0.497586060045404,0.402478939226197
1,2.02359149910085,0.752060598675515,-0.579691043133524,-2.34308531908568,1.22657492975023
1,0.0333839816527197,1.23172050962393,0.509679470555591,-0.5970047962386,0.420901074270961
1,-2.66850936780778,-1.0478695286632,0.0219623895257028,-0.556303723111463,0.523792590149094
1,1.29233100967384,0.20086288218615,0.366399106509856,-1.16733322532588,-1.31272059040598
1,-0.105752726658483,-0.450295406686678,-0.0191683574359182,0.519392316608881,1.08015607586275
1,-1.58417988015879,0.721059286812085,-1.76858233231765,-0.86796573953849,1.88123580583312
1,2.15619747013667,-0.204628861179066,-0.875296482676016,1.91944847512588,2.26026638243974
1,0.577408390093013,-1.98932207797426,-0.192469228103549,-0.694621556608735,-0.701003007318683
1,-0.677016708625251,-0.763767306049108,-1.22958350418083,-0.649307966891569,-3.19479351461285
1,0.8257172291918,-0.313308708503354,-1.7457993170074,0.295219455743471,0.101240972213621
1,-1.62263095895486,1.06074466078378,2.23923379675615,-0.244819803557275,1.05750358893983
1,0.0981917201036636,-1.41903048021258,0.734416056418019,0.410285970063766,0.679636483412908
1,0.142924051245044,1.18376254242399,-0.311568991920805,1.34957186672081,0.949099843045214
1,0.479139328267612,-0.285350998950881,-0.888846548453908,0.049613901184848,-0.505844105052467
1,-0.378887866738222,-1.06049688450283,0.651469305029114,-0.299603418912897,0.196466730811457
1,-0.17859896751261,-1.03589356564746,-0.445829094735518,-0.103301263612888,-0.0863136213045254
1,0.388979761923574,-0.248023510145539,1.60885524957531,-1.08848915324696,0.475158763773144
1,-0.606378826033076,-0.122939952443115,0.733219511121807,2.83308950363963,-1.04637394984451
1,1.72963436898993,0.252350035729349,0.00383526337639446,-0.53287278918072,-0.636645561232463
1,-0.386041264566811,0.502504912645452,0.659653562022351,1.97071130867501,-1.95655480487133
1,-0.795423270406612,-0.0580011799188193,-0.54021818487676,0.280039626421758,-0.190195999685738
1,-0.326784962116139,0.893261237587937,0.509557901982905,-2.2277121819398,-0.5789137998286
1,0.212899866804517,-0.866954243510533,0.0050792462625936,-0.144936230268352,-0.177682870885681
1,-0.307569860418545,1.42937983270879,-0.938671596415942,-0.270102918931823,0.152725190147235
1,1.46067587554236,-1.05333454920254,0.87758939899454,-0.549573709170404,-1.06023512967629
1,1.44607741536358,0.304851514351601,2.20225328107663,-0.28912852491103,-0.440999467594112
1,-0.842903907679731,0.102595546677784,-0.160493757240006,-0.325926973839803,-1.29709752761884
1,-0.469785751008396,0.974393599088999,-0.303622836578882,0.373475105392396,0.793623636640598
1,0.0563394658530332,-0.750914856881588,-1.13796995972342,0.294528076768911,0.781745027481813
1,-1.40392552450398,0.0763739820723336,-0.811284909539677,-1.17363451830915,0.0188712260895241
1,1.55154326493659,-1.654923848117,0.986336247903046,0.519266551862,0.12786105624331
1,0.469981733683681,2.81291268393663,-0.905244533315667,-0.0287474464408317,-0.0551811379941238
1,-0.826651830649741,0.318644497824413,-0.365735084396829,-1.03286386807834,-0.287354943819874
1,-0.0777043982700002,0.63968091270628,0.610661416941955,-0.206832589584036,-1.28871152701461
1,0.69015074560598,-0.204570119961164,-1.45313855048637,0.491690764815781,0.726745436281592
1,1.43542239395788,1.2784262437817,-0.536817652755016,-0.0326311308085235,1.23049922747055
1,0.266575213070683,0.59876004049118,0.691134192871463,0.507651563243107,0.332109458747052
1,0.577951384163616,-1.365438690249,0.95315065411555,1.86716998262771,1.08113306819189
1,-1.47542931043102,-1.29811557955001,-0.0951123393126501,-0.259006119275931,-1.04246781201533
1,0.963769087247518,0.708818674806733,0.399046758004127,1.46732504279338,0.333478954236245
1,0.871288177514528,0.183344699055519,-1.50926638921217,2.33395638208156,-0.340797935853403
1,-0.754202038480973,1.06870807498632,0.269739716969517,-0.432696003762145,-0.146255967686471
1,1.70446910940411,-1.06393910060951,0.832460847827354,0.806191189287638,-0.46812143041033
1,-0.906572950560663,0.0915276950561541,0.413598604284244,1.56164177649551,1.36988869810155
1,2.82861221877142,0.654239616688161,-0.249080681195286,0.509234196587779,-1.16496977907878
1,-0.296837412238233,-0.405683329368972,-0.398175045102469,-0.736677828074402,0.638665413729311
1,0.70757573052927,-0.431941015252988,-1.24530058397964,0.693732468364457,-0.00340673386986032
1,-0.348035575958937,-0.373086100999762,-0.147184295877172,0.850536690570705,0.934725308609673
1,0.404509814749749,-0.0327002804996197,0.765380445125627,-1.56207890513449,-0.80421252079256
1,0.428926934544203,-0.056116544102872,0.607672450233012,-1.5726373454821,-1.01070399035507
1,0.819576062223387,1.39428327628918,-0.546188865820201,-0.430297333948635,1.08083510150636
1,-1.44249482661721,-1.43981640056677,-0.797352313825751,0.355511382642716,1.83670414476318
1,0.674383447044444,-1.00756418336549,-0.155978473809228,0.119425167631807,-1.18587270293253
1,-0.221940396599177,-1.46267692524629,0.984433780464845,0.239639347509834,-0.97738493362667
1,-1.13115353854572,1.51290610811132,-0.152584836291118,0.0945986738875364,0.590524219794033
1,-0.611750381760019,-0.592519603571466,0.465660475935701,-0.000581322164139488,0.158211076809986
1,-1.00169695133518,-0.12419119093754,-0.438160349475296,-0.0504685721509163,-1.87066939393321
1,0.873557646788557,-0.245337655717952,0.354321721150408,-0.19226547286434,-0.050762720702315
1,1.1844552998938,-0.860245117714938,0.0145094598427162,0.935820583838482,0.184005969761672
1,0.127414835604886,0.517372230025622,-0.279897390692958,-1.42973544660544,1.06879409347882
1,-0.205396701798218,0.650136183851717,-1.787564680956,0.962042648897675,-1.44024019743047
1,-0.377175456184495,-0.549696779162468,-0.389966421706867,-0.21927144535056,-0.561700802521879
1,-0.667563692055737,0.548032721420503,-1.24670121727629,1.14244769838694,-0.656178824686567
1,1.64370156663651,-0.722447982284766,0.146041554533287,-0.192074294550562,-0.377691070259063
1,-1.09276915167733,0.371827903205979,0.654807892031185,-2.26629155121699,1.22152549953625
1,0.598718125921896,0.398267191119551,-0.796098335251625,-1.12057281553879,0.268957934931375
1,0.0469482175080124,-0.0858598493347556,0.381421740713531,-0.959986969253102,-0.348623238462306
1,-1.34714697025459,1.29195914949632,-0.144994318515485,-1.05454489562856,0.482898422636233
1,0.448379965628034,-0.619566369090583,-0.456810329041117,1.2298593907362,-0.00197785692792843
1,-0.453083327093229,-0.049368062507234,-0.0612452213268137,-1.05829363311146,-2.10300367139596
1,-0.498648449013376,-0.075211228937953,0.374322886617442,-0.31355144830129,-0.0644342477934633
1,0.0211878455887192,0.748799413981522,0.273267534663525,0.402827751315588,-0.684352987640931
1,-1.22878495330303,1.73856452148983,0.481289838488001,-0.737619782529597,0.105229385810131
1,-0.550905127819416,1.16171049055257,-0.0403922420573598,-1.40012302278733,2.77628193317075
1,0.94434958706337,-0.310775831841233,-0.713941825853216,0.936581816967598,0.908491531109285
1,0.233111921822933,1.13224494734901,-0.989132679916168,2.31356365389635,-1.31259450645923
1,0.49965013193891,0.225110866665948,-1.66823904126784,1.44579306262052,-1.0471336346075
1,-0.799239177356103,-2.71322759996673,0.717255145668645,-0.696667816747272,1.75534136055911
1,1.74812085469297,-0.988838161218059,-0.962390152281276,0.764917380674199,-2.73564516160372
1,0.637087381275148,-0.671819339931841,-0.70705072607184,-0.750908499549732,-1.5767106658682
1,-0.0537169851836616,-0.741209830498485,-0.583891897712206,-0.228235285150053,-1.06258355319862
1,0.308094716983256,0.857037989623737,0.27188502187418,0.283154272593661,-0.72375059289427
1,-0.830295510237615,0.295459007480573,0.673218379519532,-2.04159920474904,1.41691112329612
1,0.477195102594277,-0.59040210450284,-0.20391744841021,0.958321981171638,0.937709740515532
1,-0.620240626010769,0.937442311206732,-2.59747512770485,-0.308357243493054,-1.18301906354869
1,-0.931880949027165,0.38240914293055,-0.791675678248035,-0.0834853456358535,0.0823194320679174
1,-0.0921389324827992,1.20588228194911,-1.23081929788836,-0.790652213030075,0.320729141700235
1,-0.565251507352122,0.938497833602495,-0.157365545836151,-0.0911301954377769,0.34832369285524
1,-0.651496746779589,0.255909196824244,-0.338961526768331,1.20061681151256,0.291406840260165
1,0.473993551543119,0.523515767180604,0.135492680393643,1.00492193348886,0.156905249868989
1,2.52270600131148,-0.97920135184357,-0.698392524943847,1.07486199938482,-0.0790147586262921
1,-1.26219022175436,0.316290722437783,1.53402546888185,0.319850214977938,-0.74085648064974
1,-0.638266085216339,-0.802306397936332,1.36922912914921,-0.403585394074362,0.537818199441438
1,0.711477824435555,0.985296225222438,-0.435466342647861,1.38555170883601,0.0355010884355963
1,-0.613501260450472,1.26149034635557,-0.225012993473573,0.520588261902584,0.0888552909521715
1,0.87146785866474,0.272670898225546,0.966346240585553,-0.0593026857402221,-0.248168687743789
1,-0.00426076703134037,-0.153996995920385,1.58806664223791,-0.676062777386058,-0.234408474678548
1,-1.13599874806877,-0.0803662120954646,-0.329652389126697,-0.037582057198411,0.456907153814788
1,-0.21872468159905,-0.0749422699965708,-0.878051685547293,1.42959738775282,-0.139575168146742
1,-0.649309685526741,-1.27806720911764,1.52255335102621,-0.0108740604079162,-0.661942317336736
1,-1.56354160978389,0.808781826865108,2.61931892969932,-2.34299979790311,0.641435098397646
1,0.126513769090588,0.301890892853304,-1.12239219480533,1.40833267658078,1.49660366880752
1,0.435208882551178,1.03973844053007,0.922031877043988,-1.34338795190172,-0.359535021529498
1,-1.07435968724397,-2.0315780373684,-0.608947261270979,2.37696363542115,0.0277108765460492
1,-0.421855111137178,-0.538319386672738,-0.553057097494528,0.216632628557934,0.729938636351063
1,-0.330188762084058,1.08918589808204,-0.578739736075248,-1.94577204931672,0.401234697599462
1,0.020189823292156,0.301083705957919,0.186129175858865,0.558799349150202,0.105492174023256
1,0.750803155915945,-1.40039604229362,-0.286640268658435,2.53119244746392,-0.520883638592708
1,-1.58385456229009,0.765312555886362,1.93293723878901,-0.218578765957521,0.0228189478867711
1,0.0332588275306989,0.0883785274401238,-1.72203928089124,0.343335540339927,-0.570973835622207
1,-0.472976980274479,1.33179991994556,-0.22406348385928,-1.06137083015183,-1.05052608753056
1,0.105809585679353,1.39645745403937,-0.321689461633406,-0.854800080499086,0.0353048104502442
1,0.26630846312436,-0.862195158654115,1.12068805994603,1.07779426760446,-0.700987333750641
1,0.704197177942499,-1.01084779972463,0.0843341069086997,1.76215875167636,-1.73612516387415
1,-0.39342543153297,0.878378392260707,0.300334134599892,0.420507283492104,-0.646027049786595
1,-0.732382077569569,0.400070702156225,0.885544178416754,-1.35264053261317,-0.511316804033653
1,0.949770611972523,-1.95906448310681,0.0152672163692177,-0.816483959493731,1.34702519971859
1,0.577809907666945,-0.319382939526881,0.155762926457054,0.864850212038425,0.588104651548439
1,0.754842947454927,0.167670303439308,-2.05777810384864,1.0925666985621,-0.123301222789482
1,0.61917257765543,-1.29892500764642,-0.583297780598687,-0.844907099429728,0.292291305195351
1,0.00338574171413505,-1.37338567528868,-1.03605373238255,0.436414308263362,-0.668360223811002
1,-0.214585239367172,0.121967120156955,-1.18527852675001,-2.40930543906423,0.491638787703278
1,-0.714923220464056,-0.223763303609824,-1.11180641258958,-1.54329415555184,1.16393065857662
1,0.728339564140305,0.0917197145070566,0.0175248902298267,-0.684854133925057,0.989613078695383
1,-0.164242021851246,-1.87476645252438,1.3409636433852,-1.02367676584122,-0.508463123441711
1,0.96028940727867,-1.12138025603319,-0.129824460952127,0.0514659774238272,-0.281119651858174
1,-1.40999205447879,0.779769786972913,-0.17934609966037,0.708073090721976,0.507081948079344
1,-0.546394766105619,-0.477009822152238,-0.297258074437236,-0.146659666571446,-0.51137889162451
1,-0.825583091480451,-0.681335571098346,-1.64207968495648,-1.86766327495201,-1.36793943973396
1,-0.844416057067018,-0.21252286283097,1.44231506279422,0.53230667910219,0.602897058005799
1,-1.65557207430982,0.749785390403269,1.64090715668499,-0.268248402082483,0.232561646461443
1,0.362981573050764,-0.965095551223342,-1.40235182062689,-2.17300609332741,0.244436203776442
1,1.59279454415356,-0.745386228243722,1.14514336861808,-0.141396789277318,-0.459321422029749
1,-1.36515411950844,0.285687900819543,-0.545458463666108,0.376330164135477,0.670380249327625
1,-1.6979575846562,-0.225882209939655,-0.516403306940611,-1.10522002423456,1.63491945797512
1,1.55963811949657,0.59722121664604,-0.139262237736121,-1.20435301274611,-0.468440203489369
1,-0.0880709751751333,0.0546450216014348,-0.424031735198985,1.22217536884774,-0.126082795919782
1,-0.2899583667098,0.21498627431433,0.188602377151587,0.241179291530003,0.112494739959703
1,2.14543435608091,-0.799260766047427,-0.814468851590579,-1.12923605350339,1.76039722872273
1,0.685788218083828,0.62114069247842,0.390692775945012,2.78066367052514,-0.662309937948564
1,1.7134650074583,0.368345382782857,0.335599148863578,-1.30622097104642,0.277781603566754
1,0.9672956569649,0.0876658464757463,0.945122592497887,0.663415544849156,-1.81885142094557
1,1.31490477841116,1.34634968000576,2.43160115507881,1.65858454977469,0.0720167812607922
1,1.11243384432052,0.622828572235131,-0.581129333489739,-0.000261495265755573,-0.623300669474203
1,0.570282540395735,0.459594525778068,-0.301307189676816,0.379569269844886,-0.789138942626927
1,0.128506759021069,-0.46936088988099,-0.245624806734056,0.412432238530917,-0.565336439791245
1,0.0433898706895541,-0.0828853358654146,0.42914906320506,0.572651227178623,-1.16652586596848
1,-0.0900838855718062,-0.529019803021816,0.170771690588638,0.73802487851891,-0.440377732828079
1,-0.254396392683092,0.508797462075833,-1.36337606646668,0.964144087202717,-0.477951003314637
1,2.01638097206559,0.655756246871011,0.183072028661935,-0.0825835533182906,0.999493339784959
1,-2.39795690357897,0.527737979692037,1.0866163373337,0.333045441908045,1.52035432219827
1,3.05257467757695,-1.1110760086875,-0.49093018772995,1.74675410729107,-0.319837171019539
1,-0.750790960574425,0.725865391757797,-0.53422690914267,-0.775932525451159,0.110047293473295
1,0.298522114827745,-0.651627819500799,0.32950641514832,0.311314882004744,0.818093157375164
1,2.29193402841861,0.764407342108972,0.60275453115592,-0.549664717896203,-1.65350322046228
1,-1.22707501890053,-0.146743612840665,-0.0701102347501718,0.10095406315182,0.805535329771651
1,0.622115883783589,-1.87357929519168,-1.13355490444621,1.46153263959117,0.530964555720002
1,-0.864221175662816,-0.950804605833002,1.18916962454862,0.455102268438341,0.840461278457648
1,1.23165045270226,-0.630061807459969,-0.770685553473535,0.184908312260202,2.83718375921327
1,-1.46970462292751,0.0592382554290569,2.17941905530561,-1.16746536122673,-1.41647325897395
1,0.89333809599957,0.516522239343878,-1.79785187748463,0.561808820996489,0.338431392142407
1,-0.787561574048664,0.388317507021991,-0.622884078653228,-0.937801009488431,-0.111908425016373
1,0.908616858270544,-1.65570634310261,-1.28933071449235,-0.491845328207549,-0.199226464614412
1,1.22171164607414,-1.55491383882534,-0.973395843840528,-1.58691213984888,0.237861833983494
1,-0.897063405099958,-0.466099811130742,1.2467612616696,-0.973727342362816,1.21175735860189
1,-0.288349002375581,-1.24442158013059,1.59316930798816,1.17711901543967,-0.811526148693931
1,-0.795883654236076,-0.392496666137318,0.566383732413665,-0.715531705050512,0.114822021798575
1,-2.24659883102736,0.189886557690102,-0.162836895697757,0.0864698988624969,-1.35915646082409
1,1.0726354066732,-1.00857036835414,0.969143459402977,0.0499414567453367,-0.192067604086818
1,0.112202569001845,-0.688197937872921,-0.411495063328979,-1.18019201802333,0.417633702723899
1,-1.13820626511772,-0.0725278634310294,1.17569417716089,-0.0601091661924497,0.48701207100011
1,0.988997578599844,-0.110065589558317,0.295203061730156,0.0962638254260661,2.01431695680474
1,0.233350523926792,0.4547529781586,0.339780097889174,-0.577089802340383,0.315280857426895
1,0.751741496658888,-0.490547475087581,0.658444556057413,-0.146552335503551,0.142231017704567
1,-0.830852790109177,1.64548954001975,1.53865074161292,0.141754858775655,-0.532497270259866
1,-0.325141454870844,1.63639195560463,-0.995709944045782,-0.337428964875145,-1.70772495844693
1,-1.75597129535616,0.719743363959583,-1.74138081118475,-0.11447135911493,-0.84370567335253
1,-0.605267327826172,0.84571853170797,0.0355075870398052,-0.233431544671176,-1.63916109340892
1,0.85820160402299,0.764131172078659,1.25490350934921,0.491770349569131,-0.839944972164109
1,-1.68582254556336,-0.211529081226045,0.922939818272299,1.25410749135437,2.1206669787569
1,0.51809507212165,-0.412757071922632,-1.2747052648162,1.17408460286445,-0.194096346629693
1,0.499453927276301,-2.58593068352128,-0.723228988947224,0.35058900403028,-0.827286610713709
1,-0.610617282591091,0.867072467315054,-0.261730418974182,-0.341821459661686,-0.80795706994861
1,1.35174076276539,-1.2947057693543,-0.140258081624117,-0.371207034327814,1.08528941125376
1,-0.556471037499046,-0.4297392632159,1.26711306990215,-0.714962457824836,1.08954538266385
1,1.57597413001813,1.11879758244784,0.500962791882154,-0.637019984749672,-0.739541853071741
1,-1.52618747800825,-0.15622683427469,-1.37968113599743,-0.113912155659445,-0.657406643594573
1,-0.415768097612976,-1.69240695214526,0.107793825882937,0.105929061176393,0.406906306522637
1,0.445346384916593,0.622444196679133,-0.679762948756391,-0.824125932898422,0.341312347689582
1,-1.73823972743168,0.541559124691542,1.79584119986463,-0.976958629653235,1.5090935283027
1,-1.79497734481111,-1.34585182368702,-0.67399173036542,-1.38557433673151,1.64010014196399
1,-0.138892149865303,-0.324857170853327,1.8518174277658,0.143383607378535,-1.77256620086139
1,0.647587611657705,0.575414496790517,0.83445910762359,-0.527239529771748,1.48493504499744
1,0.525443644698305,0.818312771206702,0.141751261919336,-1.04121878765179,1.56668492309287
1,-1.02913160799789,0.558552895391595,-1.31824096143249,-0.337232088432185,1.61555543554269
1,0.681382675498039,-0.305393699701741,-1.64688918332546,-1.20249481816859,-0.0412664746019626
1,-0.430676180658414,0.353978818095895,-0.951950545887011,-0.0176206594077818,0.398468409397443
1,-0.201953554738944,1.37877002507959,1.4632656100501,-0.343001419590851,-0.0161427438181792
1,0.0993253346363741,-0.375485144790417,-0.193578627129147,1.19907218641884,-2.18640279962775
1,1.22732351414163,0.158707620986652,-0.463512604163334,-0.260048132200298,0.864822541009871
1,1.92289344118618,0.539925171777515,-1.05862123748026,-1.20899688782927,0.0684500959054552
1,-1.21925323135504,-0.222133404367277,1.03496220879855,0.188664178954351,-0.383442230123398
1,-0.604161618641236,-0.396198834667872,1.03412567291151,0.911356565466575,0.630352868813278
1,0.163735785245111,-0.375909955406962,-1.51014277434457,-0.531203333790839,0.577471453055463
1,-0.883106873597467,-1.52346601802052,1.04215267519466,0.0929244230807903,-0.331112047667959
1,0.673565807218909,0.345992809940619,0.369364495569696,-0.955541001655413,1.13600016895758
1,2.90861511084581,3.59834515548939,1.30070741249785,-0.149185418727742,-0.606271780499342
1,0.225039490865032,1.90223699074948,-0.607435149366728,0.388680458475142,-0.736167611816994
1,0.400656473909076,0.890834366812639,1.41508812375372,1.65089012660384,-0.369964974555803
1,-0.383460241616346,-2.24463842332945,-1.41293355478323,-0.00697994111656345,0.100928993081783
1,0.760627210420994,-0.538574005029365,-0.88201047413411,-0.54633687600453,0.924158518473005
1,1.19296952524696,0.237293987350125,-1.32434125052786,0.126089500240279,-0.00874976309201874
1,-1.4182792423649,0.630664609856019,-0.696132515744181,-1.5232769283638,0.480733910609831
1,-0.0267608988578918,0.549575923279939,-0.439875057807447,1.3479877474984,0.331178383789608
1,-1.10932246633546,-1.28601034736117,-0.878601193532437,-2.32099267968734,-0.777555203770015
1,-0.146748816524239,-1.4336794292827,-1.78434159542576,-0.0739290914989524,-2.07024055146312
1,-0.360438637775269,1.27580138419375,-1.02444168502589,0.143020159093469,2.23869003103898
1,-0.428058087338962,1.14055152136308,1.92258684616828,1.16844191462728,1.07003487310258
1,0.64194822780976,0.566141127932941,-0.857487945135099,-0.077813426396721,0.306176743075028
1,-1.47814212554645,0.0838703926365556,0.210058029999436,0.613456655503331,0.0837712109726298
1,-1.44737944092506,-0.0508483148959297,-0.320455200296153,-0.237251896182107,0.991631195942393
1,0.0882112658981346,0.109640596167756,-0.561914474261625,-1.77153328661585,-1.30561046996356
1,1.1292886120326,1.60669566059738,0.35537468995204,0.021489099974899,-0.722190622512794
1,-0.124131765071303,0.238966020209955,0.326303624003824,0.435119543411792,-0.524111430246269
1,-0.0240598480920003,1.15075247289764,0.966061327621318,0.588945433193992,-0.122117524786334
1,-0.479258658080702,0.83467641488129,0.789527675654029,0.645287539148177,1.24926388567119
1,-0.485644727140553,0.221350423917255,-0.456485458573804,-0.318778533422089,0.631969249693116
1,0.668525092110246,-1.07722573440954,0.452630763073814,0.343747441113385,0.663032648305148
1,0.940696234361563,0.798834409031194,1.54527010487681,0.369429037673272,-1.27162005228557
1,0.718861286531252,0.478417582660322,0.513613358990745,-0.854323074923029,-1.23366640785622
1,-0.0305551916341908,-1.02752074389397,-0.159069323835982,0.689382217818491,1.27756079709239
1,1.33912722879746,0.0239418755695069,0.334852054467625,-0.671557907452341,0.431016868258445
1,-0.405978002149878,-0.137167641402784,-0.131902297995032,0.0787953249263968,-0.866157290379269
1,-0.447945648302857,-0.852247247379048,0.00696352844722744,0.707925254687893,1.52278042179946
1,0.195454134628985,-1.15688048894856,-0.95695006428914,0.605123751400125,-0.179267789970842
1,2.9364388982392,1.06289129727919,-1.03948212483228,-0.137773349753443,1.6283639948005
1,-0.38786137909224,-1.5116876886749,1.17900379838523,0.0105443000873348,-0.327132252857836
1,-1.09545518436588,-2.11628630711465,0.637192865171207,1.29115440207891,-0.704383909529347
1,-0.0418156377401324,-0.576566452715403,0.225238769536012,0.190900139403148,-0.532494892388183
1,0.158629696150441,0.479376394830727,-1.39804209134092,0.626932610867977,0.150617904996391
1,-0.802802159188787,-1.34782333172843,0.465879980014453,1.75318288767603,-0.585227519236713
1,-0.468270773639141,-0.425443784530869,-0.387023034144328,-0.898704466266468,0.212489268288706
1,-0.0176368011064982,-0.379327095138809,0.515649078181829,0.950206673886276,0.664624130409447
1,-0.396667121633599,0.827254824189995,-0.942094852201902,0.538352370575054,-0.973480404129638
1,0.646470848780721,0.276436833912373,0.988496754766076,-0.0540441511057763,0.299072452667676
1,0.0476014595650887,0.540941913752504,-1.19451958359902,1.38996040296497,0.264080647448202
1,-0.809494546628982,-1.12269407368556,0.56884698795337,0.455822495970023,-1.02135151440712
1,-1.07848144389852,1.43738178443472,0.813996429346398,2.15064136321086,1.42494329123382
1,-0.275848160373958,-1.83099353649935,-0.671134778743331,0.0856542367069625,-0.993104291505752
1,-1.56457583614353,0.0461088668293267,0.195214946774282,-0.710568077711558,1.18098905772325
1,-0.816882374505763,0.174601040687656,1.69922769626828,-1.24355030890189,1.94415895774657
1,0.291526652613854,0.0508832196635872,0.717482057439761,-1.34196381448343,0.306920151966512
1,0.252568908623973,-0.284217325811086,0.807657711715937,-0.122688380870778,0.128397884892741
1,-0.282852331450864,-1.18249234709922,-0.433958042428937,-0.0252692341595175,0.126974713073713
1,-0.153867412697786,1.2176191202642,0.628150152276691,-0.1872667558159,1.39629930864356
1,0.176545885480855,-0.202690898014161,-0.289371236065973,-0.191408535191561,0.804882845102554
1,-1.62283197161259,1.01161653155405,0.0973745359837596,-0.0833658222623674,1.15481288602878
1,1.01695587397077,-0.43382185900516,-0.736317495362435,-1.3781135363942,-0.796150325756653
1,-2.60790093174474,-0.207273876258709,-0.144423235151299,2.84864624084473,0.757997916899659
1,-0.0666568837107415,-0.246650808312052,0.967378915787245,1.7253463648944,1.50915516100871
1,1.54301149129,0.459782157276682,-1.2469966729223,-0.174028421749197,-0.75087050244192
1,-0.226524320979105,-0.46069102876178,0.527169391309827,-1.66352586753612,1.95548374580409
1,-0.0290169270118414,0.265175760353538,-0.188058520324471,0.211976304842797,1.06236476505046
1,0.54336399377739,-0.26616334960386,1.46324328403947,-0.878338848179604,1.44486906559821
1,-1.70616851062388,0.740251381054131,1.12707655956099,-0.699601799519912,0.044178492213669
1,-1.2192154231034,1.18531984083828,-0.541495216184641,-0.731721248948241,1.66791905805232
1,1.56676494465387,-1.56534370203353,-1.76044297890981,0.258542611583577,-0.400427146437211
1,-0.641174808184541,-0.951077374027939,0.821138742383734,2.28318958148241,1.53724105657843
1,-0.462602411574226,-0.404369806088581,-1.51340031421358,0.567230914072161,-0.232303136819713
1,0.039207297654705,1.86510932760369,-0.86341825618763,1.11366476948683,-0.152808251313527
1,0.252202752655145,-0.202819061828346,1.19567686480996,0.335228380962338,-0.8637669485144
1,-0.294285313048556,-0.824276188341819,0.271525442157235,0.458415367755889,0.143818521319645
1,0.337895126232067,-1.09542990218117,-0.104907294714993,0.724771560784745,-0.661601337412205
1,0.0612636470763417,-0.975770851194769,0.359511535138938,1.12160971233271,1.16712830178002
1,-0.193894438871349,0.607954120983423,0.986128946897199,0.0146012040729487,-0.85927094524184
1,0.466581510332041,-1.30745546367946,-0.637344883807254,-0.705249151142313,-0.59087856015893
1,2.37190174217601,1.31374736612946,2.81876663259933,-0.62119835105,-1.48906623644762
1,0.0386101038775049,-0.275970223099513,-0.569252439879328,2.15644242959091,2.48461685959143
1,0.0980119726561531,1.03943352876192,-0.112153703987523,0.100577565145186,0.974992487943079
1,-0.334036944425648,-0.252030069147163,-0.458630779843248,0.0472614888695867,0.0974547301612274
1,0.0881676859914598,-0.473131504794651,-0.827815130595864,1.17085978014585,1.21225613461815
1,-0.730877528141869,-0.197007772210588,-0.229956367453418,0.499741470890772,0.495059711543784
1,0.838824040429213,-0.430179303946165,-1.81553381739934,1.1591365995192,0.385219972225287
1,-0.253888490347438,-0.219685452141425,-1.92455465981546,0.945904597894104,-1.01924825150134
1,-0.95582844393164,1.03216939075334,-0.861655781025318,-1.5757119566253,1.01489375633106
1,-0.447101748184301,-0.365536737017496,-1.34432723865487,0.549084772275663,1.7280322160738
1,0.20262083925597,-0.894749217481772,1.43811047878153,-0.0280388010033544,0.0274857073711253
1,-0.316503154798685,-0.836939398094318,0.428063701876583,0.790598820224302,0.0356421883235964
1,-0.409270529220298,-1.76259535982779,0.294338913735187,-0.348168612738285,0.278815031479127
1,-0.213662677459282,-1.41934965765654,-0.189757541826053,0.716173428113766,0.880189226810973
1,0.106216555071898,1.16293274952772,1.59902828284064,-0.717399354165162,-1.4136094703158
1,0.472501393391838,0.535127894582739,-0.932044368730887,0.548214545700729,0.872147169526779
1,-0.600736246994519,2.23505040184058,2.44048385857159,0.366311734737786,-0.727665689318194
1,-0.627103276672281,1.49288271023492,0.988006320221705,1.11496555092989,-0.370413862093207
1,-0.494838818651999,0.19650996211644,1.24745134775542,1.04313047040875,0.427881598298601
1,0.266045660521792,0.782426399172862,-0.306779123781301,0.630357238077961,1.15792297892459
1,-1.18251924653955,-0.771601386224835,1.66505509725446,-1.17016503679379,0.747263955527808
1,-1.28486378528736,-0.1734221789336,-0.650430004866682,-2.07450775164928,-2.21549802065606
1,-0.40554022329202,0.220051600914696,0.995047828344222,-0.435709794025637,1.38277475096466
1,-0.834167897829867,0.98339842897372,-1.62558137503519,-0.912060570249599,-0.374364907474949
1,1.12623081238439,0.128828290662031,0.281534083771418,1.77944791317838,-1.03390923819457
1,-0.434275570704473,0.198324057853716,0.747840926316853,-0.170528169640998,-0.277557363425612
1,-0.309988751890906,-1.09228318517291,-0.836576761362998,-1.54926790199188,1.0855253442311
1,1.08139219882279,-1.84654433540207,-0.0803219595140396,0.0379778005673734,0.987446102011173
1,1.58590236048836,-1.79041054910104,2.06709610305697,0.558407108317844,-1.22685216268629
1,-0.22177555009755,-1.10177981589368,0.598804522552053,0.0188941885991611,0.878421642770816
1,-0.10419809807282,-1.80239903635452,0.649743642828746,0.522507207392137,0.463655125892939
1,0.462724314215612,-0.822190164145065,1.08112735064499,0.122719652037144,-0.248646228557649
1,0.915525908860442,0.08645576047865,-0.0459010245799124,-0.0649250320342504,-0.454273002943703
1,-0.870248287202147,-1.22417899883958,-0.422413397467443,-0.56034755481195,1.46524085527856
1,0.435154662074108,1.82790775123942,-0.687672475793336,0.670001794842227,-0.155876845483297
1,-0.759574597362408,-1.68606118092743,-0.965106029813574,-0.0683866911188192,0.625679952990411
1,1.06426600888289,-0.41497718591019,-0.0455033241953523,-1.62449051871466,0.799346705592786
1,0.140686020820305,-0.30822534211342,-0.193460470938033,-0.888894079211596,1.57868623533508
